id,population,year,country_id,country name,continent
1,0,2000,1,Bermuda,North America
2,0,2001,1,Bermuda,North America
3,0,2002,1,Bermuda,North America
4,0,2003,1,Bermuda,North America
5,0,2004,1,Bermuda,North America
6,0,2005,1,Bermuda,North America
7,0,2006,1,Bermuda,North America
8,0,2007,1,Bermuda,North America
9,0,2008,1,Bermuda,North America
10,0,2009,1,Bermuda,North America
11,0,2010,1,Bermuda,North America
12,31,2000,2,Canada,North America
13,31,2001,2,Canada,North America
14,31,2002,2,Canada,North America
15,31,2003,2,Canada,North America
16,32,2004,2,Canada,North America
17,32,2005,2,Canada,North America
18,32,2006,2,Canada,North America
19,32,2007,2,Canada,North America
20,33,2008,2,Canada,North America
21,33,2009,2,Canada,North America
22,33,2010,2,Canada,North America
23,0,2000,3,Greenland,North America
24,0,2001,3,Greenland,North America
25,0,2002,3,Greenland,North America
26,0,2003,3,Greenland,North America
27,0,2004,3,Greenland,North America
28,0,2005,3,Greenland,North America
29,0,2006,3,Greenland,North America
30,0,2007,3,Greenland,North America
31,0,2008,3,Greenland,North America
32,0,2009,3,Greenland,North America
33,0,2010,3,Greenland,North America
34,99,2000,4,Mexico,North America
35,101,2001,4,Mexico,North America
36,102,2002,4,Mexico,North America
37,103,2003,4,Mexico,North America
38,104,2004,4,Mexico,North America
39,106,2005,4,Mexico,North America
40,107,2006,4,Mexico,North America
41,108,2007,4,Mexico,North America
42,109,2008,4,Mexico,North America
43,111,2009,4,Mexico,North America
44,112,2010,4,Mexico,North America
45,0,2000,5,Saint Pierre and Miquelon,North America
46,0,2001,5,Saint Pierre and Miquelon,North America
47,0,2002,5,Saint Pierre and Miquelon,North America
48,0,2003,5,Saint Pierre and Miquelon,North America
49,0,2004,5,Saint Pierre and Miquelon,North America
50,0,2005,5,Saint Pierre and Miquelon,North America
51,0,2006,5,Saint Pierre and Miquelon,North America
52,0,2007,5,Saint Pierre and Miquelon,North America
53,0,2008,5,Saint Pierre and Miquelon,North America
54,0,2009,5,Saint Pierre and Miquelon,North America
55,0,2010,5,Saint Pierre and Miquelon,North America
56,282,2000,6,United States,North America
57,285,2001,6,United States,North America
58,287,2002,6,United States,North America
59,290,2003,6,United States,North America
60,293,2004,6,United States,North America
61,295,2005,6,United States,North America
62,298,2006,6,United States,North America
63,301,2007,6,United States,North America
64,304,2008,6,United States,North America
65,307,2009,6,United States,North America
66,310,2010,6,United States,North America
67,0,2000,7,Antigua and Barbuda,North America
68,0,2001,7,Antigua and Barbuda,North America
69,0,2002,7,Antigua and Barbuda,North America
70,0,2003,7,Antigua and Barbuda,North America
71,0,2004,7,Antigua and Barbuda,North America
72,0,2005,7,Antigua and Barbuda,North America
73,0,2006,7,Antigua and Barbuda,North America
74,0,2007,7,Antigua and Barbuda,North America
75,0,2008,7,Antigua and Barbuda,North America
76,0,2009,7,Antigua and Barbuda,North America
77,0,2010,7,Antigua and Barbuda,North America
78,37,2000,8,Argentina,South America
79,37,2001,8,Argentina,South America
80,37,2002,8,Argentina,South America
81,38,2003,8,Argentina,South America
82,38,2004,8,Argentina,South America
83,39,2005,8,Argentina,South America
84,39,2006,8,Argentina,South America
85,40,2007,8,Argentina,South America
86,40,2008,8,Argentina,South America
87,40,2009,8,Argentina,South America
88,41,2010,8,Argentina,South America
89,0,2000,9,Aruba,North America
90,0,2001,9,Aruba,North America
91,0,2002,9,Aruba,North America
92,0,2003,9,Aruba,North America
93,0,2004,9,Aruba,North America
94,0,2005,9,Aruba,North America
95,0,2006,9,Aruba,North America
96,0,2007,9,Aruba,North America
97,0,2008,9,Aruba,North America
98,0,2009,9,Aruba,North America
99,0,2010,9,Aruba,North America
100,0,2000,10,"Bahamas, The",North America
101,0,2002,10,"Bahamas, The",North America
102,0,2001,10,"Bahamas, The",North America
103,0,2003,10,"Bahamas, The",North America
104,0,2004,10,"Bahamas, The",North America
105,0,2005,10,"Bahamas, The",North America
106,0,2006,10,"Bahamas, The",North America
107,0,2007,10,"Bahamas, The",North America
108,0,2008,10,"Bahamas, The",North America
109,0,2009,10,"Bahamas, The",North America
110,0,2010,10,"Bahamas, The",North America
111,0,2000,11,Barbados,North America
112,0,2001,11,Barbados,North America
113,0,2002,11,Barbados,North America
114,0,2003,11,Barbados,North America
115,0,2004,11,Barbados,North America
116,0,2005,11,Barbados,North America
117,0,2006,11,Barbados,North America
118,0,2007,11,Barbados,North America
119,0,2008,11,Barbados,North America
120,0,2009,11,Barbados,North America
121,0,2010,11,Barbados,North America
122,0,2000,12,Belize,North America
123,0,2001,12,Belize,North America
124,0,2002,12,Belize,North America
125,0,2003,12,Belize,North America
126,0,2004,12,Belize,North America
127,0,2005,12,Belize,North America
128,0,2006,12,Belize,North America
129,0,2007,12,Belize,North America
130,0,2008,12,Belize,North America
131,0,2009,12,Belize,North America
132,0,2010,12,Belize,North America
133,8,2000,13,Bolivia,South America
134,8,2001,13,Bolivia,South America
135,8,2002,13,Bolivia,South America
136,8,2003,13,Bolivia,South America
137,8,2004,13,Bolivia,South America
138,9,2005,13,Bolivia,South America
139,9,2006,13,Bolivia,South America
140,9,2007,13,Bolivia,South America
141,9,2008,13,Bolivia,South America
142,9,2009,13,Bolivia,South America
143,9,2010,13,Bolivia,South America
144,176,2000,14,Brazil,South America
145,178,2001,14,Brazil,South America
146,181,2002,14,Brazil,South America
147,183,2003,14,Brazil,South America
148,186,2004,14,Brazil,South America
149,188,2005,14,Brazil,South America
150,191,2006,14,Brazil,South America
151,193,2007,14,Brazil,South America
152,196,2008,14,Brazil,South America
153,198,2009,14,Brazil,South America
154,201,2010,14,Brazil,South America
155,0,2000,15,Cayman Islands,North America
156,0,2001,15,Cayman Islands,North America
157,0,2002,15,Cayman Islands,North America
158,0,2003,15,Cayman Islands,North America
159,0,2004,15,Cayman Islands,North America
160,0,2005,15,Cayman Islands,North America
161,0,2006,15,Cayman Islands,North America
162,0,2007,15,Cayman Islands,North America
163,0,2008,15,Cayman Islands,North America
164,0,2009,15,Cayman Islands,North America
165,0,2010,15,Cayman Islands,North America
166,15,2000,16,Chile,South America
167,15,2001,16,Chile,South America
168,15,2002,16,Chile,South America
169,15,2003,16,Chile,South America
170,15,2004,16,Chile,South America
171,15,2005,16,Chile,South America
172,16,2006,16,Chile,South America
173,16,2007,16,Chile,South America
174,16,2008,16,Chile,South America
175,16,2009,16,Chile,South America
176,16,2010,16,Chile,South America
177,38,2000,17,Colombia,South America
178,39,2001,17,Colombia,South America
179,39,2002,17,Colombia,South America
180,40,2003,17,Colombia,South America
181,40,2004,17,Colombia,South America
182,41,2005,17,Colombia,South America
183,42,2006,17,Colombia,South America
184,42,2007,17,Colombia,South America
185,43,2008,17,Colombia,South America
186,43,2009,17,Colombia,South America
187,44,2010,17,Colombia,South America
188,3,2000,18,Costa Rica,North America
189,3,2001,18,Costa Rica,North America
190,4,2002,18,Costa Rica,North America
191,4,2003,18,Costa Rica,North America
192,4,2004,18,Costa Rica,North America
193,4,2005,18,Costa Rica,North America
194,4,2006,18,Costa Rica,North America
195,4,2007,18,Costa Rica,North America
196,4,2008,18,Costa Rica,North America
197,4,2009,18,Costa Rica,North America
198,4,2010,18,Costa Rica,North America
199,11,2000,19,Cuba,North America
200,11,2001,19,Cuba,North America
201,11,2002,19,Cuba,North America
202,11,2003,19,Cuba,North America
203,11,2004,19,Cuba,North America
204,11,2005,19,Cuba,North America
205,11,2006,19,Cuba,North America
206,11,2007,19,Cuba,North America
207,11,2008,19,Cuba,North America
208,11,2009,19,Cuba,North America
209,11,2010,19,Cuba,North America
210,0,2000,20,Dominica,North America
211,0,2001,20,Dominica,North America
212,0,2002,20,Dominica,North America
213,0,2003,20,Dominica,North America
214,0,2004,20,Dominica,North America
215,0,2005,20,Dominica,North America
216,0,2006,20,Dominica,North America
217,0,2007,20,Dominica,North America
218,0,2008,20,Dominica,North America
219,0,2009,20,Dominica,North America
220,0,2010,20,Dominica,North America
221,8,2000,21,Dominican Republic,North America
222,8,2001,21,Dominican Republic,North America
223,8,2002,21,Dominican Republic,North America
224,8,2003,21,Dominican Republic,North America
225,9,2004,21,Dominican Republic,North America
226,9,2005,21,Dominican Republic,North America
227,9,2006,21,Dominican Republic,North America
228,9,2007,21,Dominican Republic,North America
229,9,2008,21,Dominican Republic,North America
230,9,2009,21,Dominican Republic,North America
231,9,2010,21,Dominican Republic,North America
232,12,2000,22,Ecuador,South America
233,12,2001,22,Ecuador,South America
234,12,2002,22,Ecuador,South America
235,13,2003,22,Ecuador,South America
236,13,2004,22,Ecuador,South America
237,13,2005,22,Ecuador,South America
238,13,2006,22,Ecuador,South America
239,14,2007,22,Ecuador,South America
240,14,2008,22,Ecuador,South America
241,14,2009,22,Ecuador,South America
242,14,2010,22,Ecuador,South America
243,5,2000,23,El Salvador,North America
244,5,2001,23,El Salvador,North America
245,5,2002,23,El Salvador,North America
246,5,2003,23,El Salvador,North America
247,5,2004,23,El Salvador,North America
248,5,2005,23,El Salvador,North America
249,5,2006,23,El Salvador,North America
250,5,2007,23,El Salvador,North America
251,6,2008,23,El Salvador,North America
252,6,2009,23,El Salvador,North America
253,6,2010,23,El Salvador,North America
254,0,2000,24,Falkland Islands (Islas Malvinas),South America
255,0,2001,24,Falkland Islands (Islas Malvinas),South America
256,0,2002,24,Falkland Islands (Islas Malvinas),South America
257,0,2003,24,Falkland Islands (Islas Malvinas),South America
258,0,2004,24,Falkland Islands (Islas Malvinas),South America
259,0,2005,24,Falkland Islands (Islas Malvinas),South America
260,0,2006,24,Falkland Islands (Islas Malvinas),South America
261,0,2007,24,Falkland Islands (Islas Malvinas),South America
262,0,2008,24,Falkland Islands (Islas Malvinas),South America
263,0,2009,24,Falkland Islands (Islas Malvinas),South America
264,0,2010,24,Falkland Islands (Islas Malvinas),South America
265,0,2000,25,French Guiana,South America
266,0,2001,25,French Guiana,South America
267,0,2002,25,French Guiana,South America
268,0,2003,25,French Guiana,South America
269,0,2004,25,French Guiana,South America
270,0,2005,25,French Guiana,South America
271,0,2006,25,French Guiana,South America
272,0,2007,25,French Guiana,South America
273,0,2008,25,French Guiana,South America
274,0,2009,25,French Guiana,South America
275,0,2010,25,French Guiana,South America
276,0,2000,26,Grenada,North America
277,0,2001,26,Grenada,North America
278,0,2002,26,Grenada,North America
279,0,2003,26,Grenada,North America
280,0,2004,26,Grenada,North America
281,0,2005,26,Grenada,North America
282,0,2006,26,Grenada,North America
283,0,2007,26,Grenada,North America
284,0,2008,26,Grenada,North America
285,0,2009,26,Grenada,North America
286,0,2010,26,Grenada,North America
287,0,2000,27,Guadeloupe,North America
288,0,2001,27,Guadeloupe,North America
289,0,2002,27,Guadeloupe,North America
290,0,2003,27,Guadeloupe,North America
291,0,2004,27,Guadeloupe,North America
292,0,2005,27,Guadeloupe,North America
293,0,2006,27,Guadeloupe,North America
294,0,2007,27,Guadeloupe,North America
295,0,2008,27,Guadeloupe,North America
296,0,2009,27,Guadeloupe,North America
297,0,2010,27,Guadeloupe,North America
298,11,2000,28,Guatemala,North America
299,11,2001,28,Guatemala,North America
300,11,2002,28,Guatemala,North America
301,11,2003,28,Guatemala,North America
302,11,2004,28,Guatemala,North America
303,12,2005,28,Guatemala,North America
304,12,2006,28,Guatemala,North America
305,12,2007,28,Guatemala,North America
306,13,2008,28,Guatemala,North America
307,13,2009,28,Guatemala,North America
308,13,2010,28,Guatemala,North America
309,0,2000,29,Guyana,South America
310,0,2001,29,Guyana,South America
311,0,2002,29,Guyana,South America
312,0,2003,29,Guyana,South America
313,0,2004,29,Guyana,South America
314,0,2005,29,Guyana,South America
315,0,2006,29,Guyana,South America
316,0,2007,29,Guyana,South America
317,0,2008,29,Guyana,South America
318,0,2009,29,Guyana,South America
319,0,2010,29,Guyana,South America
320,8,2000,30,Haiti,North America
321,8,2001,30,Haiti,North America
322,8,2002,30,Haiti,North America
323,8,2003,30,Haiti,North America
324,9,2004,30,Haiti,North America
325,9,2005,30,Haiti,North America
326,9,2006,30,Haiti,North America
327,9,2007,30,Haiti,North America
328,9,2008,30,Haiti,North America
329,9,2009,30,Haiti,North America
330,9,2010,30,Haiti,North America
331,6,2000,31,Honduras,North America
332,6,2001,31,Honduras,North America
333,6,2002,31,Honduras,North America
334,6,2003,31,Honduras,North America
335,7,2004,31,Honduras,North America
336,7,2005,31,Honduras,North America
337,7,2006,31,Honduras,North America
338,7,2007,31,Honduras,North America
339,7,2008,31,Honduras,North America
340,7,2009,31,Honduras,North America
341,7,2010,31,Honduras,North America
342,2,2000,32,Jamaica,North America
343,2,2001,32,Jamaica,North America
344,2,2002,32,Jamaica,North America
345,2,2003,32,Jamaica,North America
346,2,2004,32,Jamaica,North America
347,2,2005,32,Jamaica,North America
348,2,2006,32,Jamaica,North America
349,2,2007,32,Jamaica,North America
350,2,2008,32,Jamaica,North America
351,2,2009,32,Jamaica,North America
352,2,2010,32,Jamaica,North America
353,0,2000,33,Martinique,North America
354,0,2001,33,Martinique,North America
355,0,2002,33,Martinique,North America
356,0,2003,33,Martinique,North America
357,0,2004,33,Martinique,North America
358,0,2005,33,Martinique,North America
359,0,2006,33,Martinique,North America
360,0,2007,33,Martinique,North America
361,0,2008,33,Martinique,North America
362,0,2009,33,Martinique,North America
363,0,2010,33,Martinique,North America
364,0,2000,34,Montserrat,North America
365,0,2002,34,Montserrat,North America
366,0,2001,34,Montserrat,North America
367,0,2003,34,Montserrat,North America
368,0,2004,34,Montserrat,North America
369,0,2005,34,Montserrat,North America
370,0,2006,34,Montserrat,North America
371,0,2007,34,Montserrat,North America
372,0,2008,34,Montserrat,North America
373,0,2009,34,Montserrat,North America
374,0,2010,34,Montserrat,North America
375,4,2000,36,Nicaragua,North America
376,5,2001,36,Nicaragua,North America
377,5,2002,36,Nicaragua,North America
378,5,2003,36,Nicaragua,North America
379,5,2004,36,Nicaragua,North America
380,5,2005,36,Nicaragua,North America
381,5,2006,36,Nicaragua,North America
382,5,2007,36,Nicaragua,North America
383,5,2008,36,Nicaragua,North America
384,5,2009,36,Nicaragua,North America
385,5,2010,36,Nicaragua,North America
386,2,2000,37,Panama,North America
387,2,2001,37,Panama,North America
388,3,2002,37,Panama,North America
389,3,2003,37,Panama,North America
390,3,2004,37,Panama,North America
391,3,2005,37,Panama,North America
392,3,2006,37,Panama,North America
393,3,2007,37,Panama,North America
394,3,2008,37,Panama,North America
395,3,2009,37,Panama,North America
396,3,2010,37,Panama,North America
397,5,2000,38,Paraguay,South America
398,5,2001,38,Paraguay,South America
399,5,2002,38,Paraguay,South America
400,5,2003,38,Paraguay,South America
401,5,2004,38,Paraguay,South America
402,5,2005,38,Paraguay,South America
403,6,2006,38,Paraguay,South America
404,6,2007,38,Paraguay,South America
405,6,2008,38,Paraguay,South America
406,6,2009,38,Paraguay,South America
407,6,2010,38,Paraguay,South America
408,26,2000,39,Peru,South America
409,26,2001,39,Peru,South America
410,26,2002,39,Peru,South America
411,27,2003,39,Peru,South America
412,27,2004,39,Peru,South America
413,28,2005,39,Peru,South America
414,28,2006,39,Peru,South America
415,28,2007,39,Peru,South America
416,29,2008,39,Peru,South America
417,29,2009,39,Peru,South America
418,29,2010,39,Peru,South America
419,3,2000,40,Puerto Rico,North America
420,3,2001,40,Puerto Rico,North America
421,3,2002,40,Puerto Rico,North America
422,3,2003,40,Puerto Rico,North America
423,3,2004,40,Puerto Rico,North America
424,3,2005,40,Puerto Rico,North America
425,3,2006,40,Puerto Rico,North America
426,3,2007,40,Puerto Rico,North America
427,3,2008,40,Puerto Rico,North America
428,3,2009,40,Puerto Rico,North America
429,3,2010,40,Puerto Rico,North America
430,0,2000,41,Saint Kitts and Nevis,North America
431,0,2001,41,Saint Kitts and Nevis,North America
432,0,2002,41,Saint Kitts and Nevis,North America
433,0,2003,41,Saint Kitts and Nevis,North America
434,0,2004,41,Saint Kitts and Nevis,North America
435,0,2005,41,Saint Kitts and Nevis,North America
436,0,2006,41,Saint Kitts and Nevis,North America
437,0,2007,41,Saint Kitts and Nevis,North America
438,0,2008,41,Saint Kitts and Nevis,North America
439,0,2009,41,Saint Kitts and Nevis,North America
440,0,2010,41,Saint Kitts and Nevis,North America
441,0,2000,42,Saint Lucia,North America
442,0,2001,42,Saint Lucia,North America
443,0,2002,42,Saint Lucia,North America
444,0,2003,42,Saint Lucia,North America
445,0,2004,42,Saint Lucia,North America
446,0,2005,42,Saint Lucia,North America
447,0,2006,42,Saint Lucia,North America
448,0,2007,42,Saint Lucia,North America
449,0,2008,42,Saint Lucia,North America
450,0,2009,42,Saint Lucia,North America
451,0,2010,42,Saint Lucia,North America
452,0,2000,43,Saint Vincent/Grenadines,North America
453,0,2001,43,Saint Vincent/Grenadines,North America
454,0,2002,43,Saint Vincent/Grenadines,North America
455,0,2003,43,Saint Vincent/Grenadines,North America
456,0,2004,43,Saint Vincent/Grenadines,North America
457,0,2005,43,Saint Vincent/Grenadines,North America
458,0,2006,43,Saint Vincent/Grenadines,North America
459,0,2007,43,Saint Vincent/Grenadines,North America
460,0,2008,43,Saint Vincent/Grenadines,North America
461,0,2009,43,Saint Vincent/Grenadines,North America
462,0,2010,43,Saint Vincent/Grenadines,North America
463,0,2000,44,Suriname,South America
464,0,2001,44,Suriname,South America
465,0,2002,44,Suriname,South America
466,0,2003,44,Suriname,South America
467,0,2004,44,Suriname,South America
468,0,2005,44,Suriname,South America
469,0,2006,44,Suriname,South America
470,0,2007,44,Suriname,South America
471,0,2008,44,Suriname,South America
472,0,2009,44,Suriname,South America
473,0,2010,44,Suriname,South America
474,1,2000,45,Trinidad and Tobago,North America
475,1,2001,45,Trinidad and Tobago,North America
476,1,2002,45,Trinidad and Tobago,North America
477,1,2003,45,Trinidad and Tobago,North America
478,1,2004,45,Trinidad and Tobago,North America
479,1,2005,45,Trinidad and Tobago,North America
480,1,2006,45,Trinidad and Tobago,North America
481,1,2007,45,Trinidad and Tobago,North America
482,1,2008,45,Trinidad and Tobago,North America
483,1,2009,45,Trinidad and Tobago,North America
484,1,2010,45,Trinidad and Tobago,North America
485,0,2000,46,Turks and Caicos Islands,North America
486,0,2001,46,Turks and Caicos Islands,North America
487,0,2002,46,Turks and Caicos Islands,North America
488,0,2003,46,Turks and Caicos Islands,North America
489,0,2004,46,Turks and Caicos Islands,North America
490,0,2005,46,Turks and Caicos Islands,North America
491,0,2006,46,Turks and Caicos Islands,North America
492,0,2007,46,Turks and Caicos Islands,North America
493,0,2008,46,Turks and Caicos Islands,North America
494,0,2009,46,Turks and Caicos Islands,North America
495,0,2010,46,Turks and Caicos Islands,North America
496,3,2000,47,Uruguay,South America
497,3,2001,47,Uruguay,South America
498,3,2002,47,Uruguay,South America
499,3,2003,47,Uruguay,South America
500,3,2004,47,Uruguay,South America
501,3,2005,47,Uruguay,South America
502,3,2006,47,Uruguay,South America
503,3,2007,47,Uruguay,South America
504,3,2008,47,Uruguay,South America
505,3,2009,47,Uruguay,South America
506,3,2010,47,Uruguay,South America
507,23,2000,48,Venezuela,South America
508,23,2001,48,Venezuela,South America
509,24,2002,48,Venezuela,South America
510,24,2003,48,Venezuela,South America
511,24,2004,48,Venezuela,South America
512,25,2005,48,Venezuela,South America
513,25,2006,48,Venezuela,South America
514,26,2007,48,Venezuela,South America
515,26,2008,48,Venezuela,South America
516,26,2009,48,Venezuela,South America
517,27,2010,48,Venezuela,South America
518,0,2000,49,"Virgin Islands,  U.S.",North America
519,0,2001,49,"Virgin Islands,  U.S.",North America
520,0,2002,49,"Virgin Islands,  U.S.",North America
521,0,2003,49,"Virgin Islands,  U.S.",North America
522,0,2004,49,"Virgin Islands,  U.S.",North America
523,0,2005,49,"Virgin Islands,  U.S.",North America
524,0,2006,49,"Virgin Islands,  U.S.",North America
525,0,2007,49,"Virgin Islands,  U.S.",North America
526,0,2008,49,"Virgin Islands,  U.S.",North America
527,0,2009,49,"Virgin Islands,  U.S.",North America
528,0,2010,49,"Virgin Islands,  U.S.",North America
529,0,2000,50,"Virgin Islands, British",North America
530,0,2001,50,"Virgin Islands, British",North America
531,0,2002,50,"Virgin Islands, British",North America
532,0,2003,50,"Virgin Islands, British",North America
533,0,2004,50,"Virgin Islands, British",North America
534,0,2005,50,"Virgin Islands, British",North America
535,0,2006,50,"Virgin Islands, British",North America
536,0,2007,50,"Virgin Islands, British",North America
537,0,2008,50,"Virgin Islands, British",North America
538,0,2009,50,"Virgin Islands, British",North America
539,0,2010,50,"Virgin Islands, British",North America
540,3,2000,51,Albania,Europe
541,3,2001,51,Albania,Europe
542,3,2002,51,Albania,Europe
543,3,2003,51,Albania,Europe
544,3,2004,51,Albania,Europe
545,3,2005,51,Albania,Europe
546,3,2006,51,Albania,Europe
547,2,2007,51,Albania,Europe
548,2,2008,51,Albania,Europe
549,2,2009,51,Albania,Europe
550,2,2010,51,Albania,Europe
551,8,2000,52,Austria,Europe
552,8,2002,52,Austria,Europe
553,8,2001,52,Austria,Europe
554,8,2003,52,Austria,Europe
555,8,2004,52,Austria,Europe
556,8,2005,52,Austria,Europe
557,8,2006,52,Austria,Europe
558,8,2007,52,Austria,Europe
559,8,2008,52,Austria,Europe
560,8,2009,52,Austria,Europe
561,8,2010,52,Austria,Europe
562,10,2000,53,Belgium,Europe
563,10,2001,53,Belgium,Europe
564,10,2002,53,Belgium,Europe
565,10,2003,53,Belgium,Europe
566,10,2004,53,Belgium,Europe
567,10,2005,53,Belgium,Europe
568,10,2006,53,Belgium,Europe
569,10,2007,53,Belgium,Europe
570,10,2008,53,Belgium,Europe
571,10,2009,53,Belgium,Europe
572,10,2010,53,Belgium,Europe
573,4,2000,54,Bosnia and Herzegovina,Europe
574,4,2001,54,Bosnia and Herzegovina,Europe
575,4,2002,54,Bosnia and Herzegovina,Europe
576,4,2003,54,Bosnia and Herzegovina,Europe
577,4,2004,54,Bosnia and Herzegovina,Europe
578,4,2005,54,Bosnia and Herzegovina,Europe
579,4,2006,54,Bosnia and Herzegovina,Europe
580,4,2007,54,Bosnia and Herzegovina,Europe
581,4,2008,54,Bosnia and Herzegovina,Europe
582,4,2009,54,Bosnia and Herzegovina,Europe
583,4,2010,54,Bosnia and Herzegovina,Europe
584,7,2000,55,Bulgaria,Europe
585,7,2001,55,Bulgaria,Europe
586,7,2002,55,Bulgaria,Europe
587,7,2003,55,Bulgaria,Europe
588,7,2004,55,Bulgaria,Europe
589,7,2005,55,Bulgaria,Europe
590,7,2006,55,Bulgaria,Europe
591,7,2007,55,Bulgaria,Europe
592,7,2008,55,Bulgaria,Europe
593,7,2009,55,Bulgaria,Europe
594,7,2010,55,Bulgaria,Europe
595,4,2000,56,Croatia,Europe
596,4,2001,56,Croatia,Europe
597,4,2002,56,Croatia,Europe
598,4,2003,56,Croatia,Europe
599,4,2004,56,Croatia,Europe
600,4,2005,56,Croatia,Europe
601,4,2006,56,Croatia,Europe
602,4,2007,56,Croatia,Europe
603,4,2008,56,Croatia,Europe
604,4,2009,56,Croatia,Europe
605,4,2010,56,Croatia,Europe
606,0,2000,57,Cyprus,Asia
607,0,2001,57,Cyprus,Asia
608,0,2002,57,Cyprus,Asia
609,0,2003,57,Cyprus,Asia
610,0,2004,57,Cyprus,Asia
611,1,2005,57,Cyprus,Asia
612,1,2006,57,Cyprus,Asia
613,1,2007,57,Cyprus,Asia
614,1,2008,57,Cyprus,Asia
615,1,2009,57,Cyprus,Asia
616,1,2010,57,Cyprus,Asia
617,10,2000,58,Czech Republic,Europe
618,10,2001,58,Czech Republic,Europe
619,10,2002,58,Czech Republic,Europe
620,10,2003,58,Czech Republic,Europe
621,10,2004,58,Czech Republic,Europe
622,10,2005,58,Czech Republic,Europe
623,10,2006,58,Czech Republic,Europe
624,10,2007,58,Czech Republic,Europe
625,10,2008,58,Czech Republic,Europe
626,10,2009,58,Czech Republic,Europe
627,10,2010,58,Czech Republic,Europe
628,5,2000,59,Denmark,Europe
629,5,2001,59,Denmark,Europe
630,5,2002,59,Denmark,Europe
631,5,2003,59,Denmark,Europe
632,5,2004,59,Denmark,Europe
633,5,2005,59,Denmark,Europe
634,5,2006,59,Denmark,Europe
635,5,2007,59,Denmark,Europe
636,5,2008,59,Denmark,Europe
637,5,2009,59,Denmark,Europe
638,5,2010,59,Denmark,Europe
639,0,2000,60,Faroe Islands,Europe
640,0,2001,60,Faroe Islands,Europe
641,0,2002,60,Faroe Islands,Europe
642,0,2003,60,Faroe Islands,Europe
643,0,2004,60,Faroe Islands,Europe
644,0,2005,60,Faroe Islands,Europe
645,0,2006,60,Faroe Islands,Europe
646,0,2007,60,Faroe Islands,Europe
647,0,2008,60,Faroe Islands,Europe
648,0,2009,60,Faroe Islands,Europe
649,0,2010,60,Faroe Islands,Europe
650,5,2000,61,Finland,Europe
651,5,2001,61,Finland,Europe
652,5,2002,61,Finland,Europe
653,5,2003,61,Finland,Europe
654,5,2004,61,Finland,Europe
655,5,2005,61,Finland,Europe
656,5,2006,61,Finland,Europe
657,5,2007,61,Finland,Europe
658,5,2008,61,Finland,Europe
659,5,2009,61,Finland,Europe
660,5,2010,61,Finland,Europe
661,10,2000,62,Former Serbia and Montenegro,Europe
662,9,2001,62,Former Serbia and Montenegro,Europe
663,10,2002,62,Former Serbia and Montenegro,Europe
664,9,2003,62,Former Serbia and Montenegro,Europe
665,9,2004,62,Former Serbia and Montenegro,Europe
666,9,2005,62,Former Serbia and Montenegro,Europe
667,,2006,62,Former Serbia and Montenegro,Europe
668,,2007,62,Former Serbia and Montenegro,Europe
669,,2008,62,Former Serbia and Montenegro,Europe
670,,2009,62,Former Serbia and Montenegro,Europe
671,,2010,62,Former Serbia and Montenegro,Europe
672,59,2000,63,France,Europe
673,60,2001,63,France,Europe
674,60,2002,63,France,Europe
675,60,2003,63,France,Europe
676,61,2004,63,France,Europe
677,61,2005,63,France,Europe
678,61,2006,63,France,Europe
679,62,2007,63,France,Europe
680,62,2008,63,France,Europe
681,62,2009,63,France,Europe
682,63,2010,63,France,Europe
683,82,2000,64,Germany,Europe
684,82,2001,64,Germany,Europe
685,82,2002,64,Germany,Europe
686,82,2003,64,Germany,Europe
687,82,2004,64,Germany,Europe
688,82,2005,64,Germany,Europe
689,82,2006,64,Germany,Europe
690,82,2007,64,Germany,Europe
691,82,2008,64,Germany,Europe
692,82,2009,64,Germany,Europe
693,82,2010,64,Germany,Europe
694,0,2000,65,Gibraltar,Europe
695,0,2001,65,Gibraltar,Europe
696,0,2002,65,Gibraltar,Europe
697,0,2003,65,Gibraltar,Europe
698,0,2004,65,Gibraltar,Europe
699,0,2005,65,Gibraltar,Europe
700,0,2006,65,Gibraltar,Europe
701,0,2007,65,Gibraltar,Europe
702,0,2008,65,Gibraltar,Europe
703,0,2009,65,Gibraltar,Europe
704,0,2010,65,Gibraltar,Europe
705,10,2000,66,Greece,Europe
706,10,2001,66,Greece,Europe
707,10,2002,66,Greece,Europe
708,10,2003,66,Greece,Europe
709,10,2004,66,Greece,Europe
710,10,2005,66,Greece,Europe
711,10,2006,66,Greece,Europe
712,10,2007,66,Greece,Europe
713,10,2008,66,Greece,Europe
714,10,2009,66,Greece,Europe
715,10,2010,66,Greece,Europe
716,10,2000,67,Hungary,Europe
717,10,2001,67,Hungary,Europe
718,10,2002,67,Hungary,Europe
719,10,2003,67,Hungary,Europe
720,10,2004,67,Hungary,Europe
721,10,2005,67,Hungary,Europe
722,10,2006,67,Hungary,Europe
723,10,2007,67,Hungary,Europe
724,10,2008,67,Hungary,Europe
725,10,2009,67,Hungary,Europe
726,9,2010,67,Hungary,Europe
727,0,2000,68,Iceland,Europe
728,0,2001,68,Iceland,Europe
729,0,2002,68,Iceland,Europe
730,0,2003,68,Iceland,Europe
731,0,2004,68,Iceland,Europe
732,0,2005,68,Iceland,Europe
733,0,2006,68,Iceland,Europe
734,0,2007,68,Iceland,Europe
735,0,2008,68,Iceland,Europe
736,0,2009,68,Iceland,Europe
737,0,2010,68,Iceland,Europe
738,3,2000,69,Ireland,Europe
739,3,2001,69,Ireland,Europe
740,3,2002,69,Ireland,Europe
741,4,2003,69,Ireland,Europe
742,4,2004,69,Ireland,Europe
743,4,2005,69,Ireland,Europe
744,4,2006,69,Ireland,Europe
745,4,2007,69,Ireland,Europe
746,4,2008,69,Ireland,Europe
747,4,2009,69,Ireland,Europe
748,4,2010,69,Ireland,Europe
749,57,2000,70,Italy,Europe
750,57,2001,70,Italy,Europe
751,57,2002,70,Italy,Europe
752,58,2003,70,Italy,Europe
753,58,2004,70,Italy,Europe
754,58,2005,70,Italy,Europe
755,58,2006,70,Italy,Europe
756,58,2007,70,Italy,Europe
757,58,2008,70,Italy,Europe
758,58,2009,70,Italy,Europe
759,58,2010,70,Italy,Europe
760,0,2000,71,Luxembourg,Europe
761,0,2001,71,Luxembourg,Europe
762,0,2002,71,Luxembourg,Europe
763,0,2003,71,Luxembourg,Europe
764,0,2004,71,Luxembourg,Europe
765,0,2005,71,Luxembourg,Europe
766,0,2006,71,Luxembourg,Europe
767,0,2007,71,Luxembourg,Europe
768,0,2008,71,Luxembourg,Europe
769,0,2009,71,Luxembourg,Europe
770,0,2010,71,Luxembourg,Europe
771,2,2000,72,Macedonia,Europe
772,2,2001,72,Macedonia,Europe
773,2,2002,72,Macedonia,Europe
774,2,2003,72,Macedonia,Europe
775,2,2004,72,Macedonia,Europe
776,2,2005,72,Macedonia,Europe
777,2,2006,72,Macedonia,Europe
778,2,2007,72,Macedonia,Europe
779,2,2008,72,Macedonia,Europe
780,2,2009,72,Macedonia,Europe
781,2,2010,72,Macedonia,Europe
782,0,2000,73,Malta,Europe
783,0,2001,73,Malta,Europe
784,0,2002,73,Malta,Europe
785,0,2003,73,Malta,Europe
786,0,2004,73,Malta,Europe
787,0,2005,73,Malta,Europe
788,0,2006,73,Malta,Europe
789,0,2007,73,Malta,Europe
790,0,2008,73,Malta,Europe
791,0,2009,73,Malta,Europe
792,0,2010,73,Malta,Europe
793,15,2000,74,Netherlands,Europe
794,16,2001,74,Netherlands,Europe
795,16,2002,74,Netherlands,Europe
796,16,2003,74,Netherlands,Europe
797,16,2004,74,Netherlands,Europe
798,16,2005,74,Netherlands,Europe
799,16,2006,74,Netherlands,Europe
800,16,2007,74,Netherlands,Europe
801,16,2008,74,Netherlands,Europe
802,16,2009,74,Netherlands,Europe
803,16,2010,74,Netherlands,Europe
804,4,2000,75,Norway,Europe
805,4,2001,75,Norway,Europe
806,4,2002,75,Norway,Europe
807,4,2003,75,Norway,Europe
808,4,2004,75,Norway,Europe
809,4,2005,75,Norway,Europe
810,4,2006,75,Norway,Europe
811,4,2007,75,Norway,Europe
812,4,2008,75,Norway,Europe
813,4,2009,75,Norway,Europe
814,4,2010,75,Norway,Europe
815,38,2000,76,Poland,Europe
816,38,2001,76,Poland,Europe
817,38,2002,76,Poland,Europe
818,38,2003,76,Poland,Europe
819,38,2004,76,Poland,Europe
820,38,2005,76,Poland,Europe
821,38,2006,76,Poland,Europe
822,38,2007,76,Poland,Europe
823,38,2008,76,Poland,Europe
824,38,2009,76,Poland,Europe
825,38,2010,76,Poland,Europe
826,10,2000,77,Portugal,Europe
827,10,2001,77,Portugal,Europe
828,10,2002,77,Portugal,Europe
829,10,2003,77,Portugal,Europe
830,10,2004,77,Portugal,Europe
831,10,2005,77,Portugal,Europe
832,10,2006,77,Portugal,Europe
833,10,2007,77,Portugal,Europe
834,10,2008,77,Portugal,Europe
835,10,2009,77,Portugal,Europe
836,10,2010,77,Portugal,Europe
837,22,2000,78,Romania,Europe
838,22,2001,78,Romania,Europe
839,22,2002,78,Romania,Europe
840,22,2003,78,Romania,Europe
841,22,2004,78,Romania,Europe
842,22,2005,78,Romania,Europe
843,22,2006,78,Romania,Europe
844,22,2007,78,Romania,Europe
845,22,2008,78,Romania,Europe
846,22,2009,78,Romania,Europe
847,21,2010,78,Romania,Europe
848,5,2000,79,Slovakia,Europe
849,5,2001,79,Slovakia,Europe
850,5,2002,79,Slovakia,Europe
851,5,2003,79,Slovakia,Europe
852,5,2004,79,Slovakia,Europe
853,5,2005,79,Slovakia,Europe
854,5,2006,79,Slovakia,Europe
855,5,2007,79,Slovakia,Europe
856,5,2008,79,Slovakia,Europe
857,5,2009,79,Slovakia,Europe
858,5,2010,79,Slovakia,Europe
859,2,2000,80,Slovenia,Europe
860,2,2001,80,Slovenia,Europe
861,2,2002,80,Slovenia,Europe
862,2,2003,80,Slovenia,Europe
863,2,2004,80,Slovenia,Europe
864,2,2005,80,Slovenia,Europe
865,2,2006,80,Slovenia,Europe
866,2,2007,80,Slovenia,Europe
867,2,2008,80,Slovenia,Europe
868,2,2009,80,Slovenia,Europe
869,2,2010,80,Slovenia,Europe
870,40,2000,81,Spain,Europe
871,41,2001,81,Spain,Europe
872,42,2003,81,Spain,Europe
873,41,2002,81,Spain,Europe
874,43,2004,81,Spain,Europe
875,43,2005,81,Spain,Europe
876,44,2006,81,Spain,Europe
877,45,2007,81,Spain,Europe
878,45,2008,81,Spain,Europe
879,46,2009,81,Spain,Europe
880,46,2010,81,Spain,Europe
881,8,2000,82,Sweden,Europe
882,8,2001,82,Sweden,Europe
883,8,2002,82,Sweden,Europe
884,8,2003,82,Sweden,Europe
885,8,2004,82,Sweden,Europe
886,9,2005,82,Sweden,Europe
887,9,2006,82,Sweden,Europe
888,9,2007,82,Sweden,Europe
889,9,2008,82,Sweden,Europe
890,9,2009,82,Sweden,Europe
891,9,2010,82,Sweden,Europe
892,7,2000,83,Switzerland,Europe
893,7,2001,83,Switzerland,Europe
894,7,2002,83,Switzerland,Europe
895,7,2003,83,Switzerland,Europe
896,7,2004,83,Switzerland,Europe
897,7,2005,83,Switzerland,Europe
898,7,2006,83,Switzerland,Europe
899,7,2007,83,Switzerland,Europe
900,7,2008,83,Switzerland,Europe
901,7,2009,83,Switzerland,Europe
902,7,2010,83,Switzerland,Europe
903,67,2000,84,Turkey,Asia
904,69,2002,84,Turkey,Asia
905,68,2001,84,Turkey,Asia
906,70,2003,84,Turkey,Asia
907,71,2004,84,Turkey,Asia
908,72,2005,84,Turkey,Asia
909,73,2006,84,Turkey,Asia
910,74,2007,84,Turkey,Asia
911,75,2008,84,Turkey,Asia
912,76,2009,84,Turkey,Asia
913,77,2010,84,Turkey,Asia
914,59,2000,85,United Kingdom,Europe
915,59,2001,85,United Kingdom,Europe
916,59,2002,85,United Kingdom,Europe
917,60,2003,85,United Kingdom,Europe
918,60,2004,85,United Kingdom,Europe
919,60,2005,85,United Kingdom,Europe
920,61,2006,85,United Kingdom,Europe
921,61,2007,85,United Kingdom,Europe
922,61,2008,85,United Kingdom,Europe
923,62,2009,85,United Kingdom,Europe
924,62,2010,85,United Kingdom,Europe
925,3,2000,86,Armenia,Asia
926,3,2001,86,Armenia,Asia
927,3,2002,86,Armenia,Asia
928,3,2003,86,Armenia,Asia
929,2,2004,86,Armenia,Asia
930,2,2005,86,Armenia,Asia
931,2,2006,86,Armenia,Asia
932,2,2007,86,Armenia,Asia
933,2,2008,86,Armenia,Asia
934,2,2009,86,Armenia,Asia
935,2,2010,86,Armenia,Asia
936,7,2000,87,Azerbaijan,Asia
937,7,2001,87,Azerbaijan,Asia
938,7,2002,87,Azerbaijan,Asia
939,7,2003,87,Azerbaijan,Asia
940,7,2004,87,Azerbaijan,Asia
941,8,2005,87,Azerbaijan,Asia
942,8,2006,87,Azerbaijan,Asia
943,8,2007,87,Azerbaijan,Asia
944,8,2008,87,Azerbaijan,Asia
945,8,2009,87,Azerbaijan,Asia
946,8,2010,87,Azerbaijan,Asia
947,10,2000,88,Belarus,Europe
948,9,2001,88,Belarus,Europe
949,9,2002,88,Belarus,Europe
950,9,2003,88,Belarus,Europe
951,9,2004,88,Belarus,Europe
952,9,2005,88,Belarus,Europe
953,9,2006,88,Belarus,Europe
954,9,2007,88,Belarus,Europe
955,9,2008,88,Belarus,Europe
956,9,2009,88,Belarus,Europe
957,9,2010,88,Belarus,Europe
958,1,2000,89,Estonia,Europe
959,1,2001,89,Estonia,Europe
960,1,2002,89,Estonia,Europe
961,1,2003,89,Estonia,Europe
962,1,2004,89,Estonia,Europe
963,1,2005,89,Estonia,Europe
964,1,2006,89,Estonia,Europe
965,1,2007,89,Estonia,Europe
966,1,2008,89,Estonia,Europe
967,1,2009,89,Estonia,Europe
968,1,2010,89,Estonia,Europe
969,4,2000,90,Georgia,Asia
970,4,2001,90,Georgia,Asia
971,4,2002,90,Georgia,Asia
972,4,2003,90,Georgia,Asia
973,4,2004,90,Georgia,Asia
974,4,2005,90,Georgia,Asia
975,4,2006,90,Georgia,Asia
976,4,2007,90,Georgia,Asia
977,4,2008,90,Georgia,Asia
978,4,2009,90,Georgia,Asia
979,4,2010,90,Georgia,Asia
980,15,2000,91,Kazakhstan,Asia
981,15,2001,91,Kazakhstan,Asia
982,15,2002,91,Kazakhstan,Asia
983,15,2003,91,Kazakhstan,Asia
984,15,2004,91,Kazakhstan,Asia
985,15,2005,91,Kazakhstan,Asia
986,15,2006,91,Kazakhstan,Asia
987,15,2007,91,Kazakhstan,Asia
988,15,2008,91,Kazakhstan,Asia
989,15,2009,91,Kazakhstan,Asia
990,15,2010,91,Kazakhstan,Asia
991,4,2000,92,Kyrgyzstan,Asia
992,4,2001,92,Kyrgyzstan,Asia
993,4,2002,92,Kyrgyzstan,Asia
994,5,2003,92,Kyrgyzstan,Asia
995,5,2004,92,Kyrgyzstan,Asia
996,5,2005,92,Kyrgyzstan,Asia
997,5,2006,92,Kyrgyzstan,Asia
998,5,2007,92,Kyrgyzstan,Asia
999,5,2008,92,Kyrgyzstan,Asia
1000,5,2009,92,Kyrgyzstan,Asia
1001,5,2010,92,Kyrgyzstan,Asia
1002,2,2000,93,Latvia,Europe
1003,2,2001,93,Latvia,Europe
1004,2,2002,93,Latvia,Europe
1005,2,2003,93,Latvia,Europe
1006,2,2004,93,Latvia,Europe
1007,2,2005,93,Latvia,Europe
1008,2,2006,93,Latvia,Europe
1009,2,2007,93,Latvia,Europe
1010,2,2008,93,Latvia,Europe
1011,2,2009,93,Latvia,Europe
1012,2,2010,93,Latvia,Europe
1013,3,2000,94,Lithuania,Europe
1014,3,2001,94,Lithuania,Europe
1015,3,2002,94,Lithuania,Europe
1016,3,2003,94,Lithuania,Europe
1017,3,2004,94,Lithuania,Europe
1018,3,2005,94,Lithuania,Europe
1019,3,2006,94,Lithuania,Europe
1020,3,2007,94,Lithuania,Europe
1021,3,2008,94,Lithuania,Europe
1022,3,2009,94,Lithuania,Europe
1023,3,2010,94,Lithuania,Europe
1024,4,2000,95,Moldova,Europe
1025,4,2001,95,Moldova,Europe
1026,4,2002,95,Moldova,Europe
1027,4,2003,95,Moldova,Europe
1028,4,2004,95,Moldova,Europe
1029,4,2005,95,Moldova,Europe
1030,4,2006,95,Moldova,Europe
1031,4,2007,95,Moldova,Europe
1032,4,2008,95,Moldova,Europe
1033,4,2009,95,Moldova,Europe
1034,4,2010,95,Moldova,Europe
1035,146,2000,96,Russia,Europe
1036,145,2001,96,Russia,Europe
1037,145,2002,96,Russia,Europe
1038,144,2003,96,Russia,Europe
1039,143,2004,96,Russia,Europe
1040,142,2005,96,Russia,Europe
1041,142,2006,96,Russia,Europe
1042,141,2007,96,Russia,Europe
1043,140,2008,96,Russia,Europe
1044,140,2009,96,Russia,Europe
1045,139,2010,96,Russia,Europe
1046,6,2000,97,Tajikistan,Asia
1047,6,2001,97,Tajikistan,Asia
1048,6,2002,97,Tajikistan,Asia
1049,6,2003,97,Tajikistan,Asia
1050,6,2004,97,Tajikistan,Asia
1051,6,2005,97,Tajikistan,Asia
1052,6,2006,97,Tajikistan,Asia
1053,7,2007,97,Tajikistan,Asia
1054,7,2008,97,Tajikistan,Asia
1055,7,2009,97,Tajikistan,Asia
1056,7,2010,97,Tajikistan,Asia
1057,4,2000,98,Turkmenistan,Asia
1058,4,2001,98,Turkmenistan,Asia
1059,4,2002,98,Turkmenistan,Asia
1060,4,2003,98,Turkmenistan,Asia
1061,4,2004,98,Turkmenistan,Asia
1062,4,2005,98,Turkmenistan,Asia
1063,4,2006,98,Turkmenistan,Asia
1064,4,2007,98,Turkmenistan,Asia
1065,4,2008,98,Turkmenistan,Asia
1066,4,2009,98,Turkmenistan,Asia
1067,4,2010,98,Turkmenistan,Asia
1068,49,2000,99,Ukraine,Europe
1069,48,2001,99,Ukraine,Europe
1070,48,2002,99,Ukraine,Europe
1071,47,2003,99,Ukraine,Europe
1072,47,2004,99,Ukraine,Europe
1073,46,2005,99,Ukraine,Europe
1074,46,2006,99,Ukraine,Europe
1075,46,2007,99,Ukraine,Europe
1076,45,2008,99,Ukraine,Europe
1077,45,2009,99,Ukraine,Europe
1078,45,2010,99,Ukraine,Europe
1079,25,2000,100,Uzbekistan,Asia
1080,25,2001,100,Uzbekistan,Asia
1081,25,2002,100,Uzbekistan,Asia
1082,25,2003,100,Uzbekistan,Asia
1083,26,2004,100,Uzbekistan,Asia
1084,26,2005,100,Uzbekistan,Asia
1085,26,2006,100,Uzbekistan,Asia
1086,27,2007,100,Uzbekistan,Asia
1087,27,2008,100,Uzbekistan,Asia
1088,27,2009,100,Uzbekistan,Asia
1089,27,2010,100,Uzbekistan,Asia
1090,0,2000,101,Bahrain,Asia
1091,0,2001,101,Bahrain,Asia
1092,0,2002,101,Bahrain,Asia
1093,0,2003,101,Bahrain,Asia
1094,0,2004,101,Bahrain,Asia
1095,0,2005,101,Bahrain,Asia
1096,0,2006,101,Bahrain,Asia
1097,0,2007,101,Bahrain,Asia
1098,0,2008,101,Bahrain,Asia
1099,0,2009,101,Bahrain,Asia
1100,0,2010,101,Bahrain,Asia
1101,68,2000,102,Iran,Asia
1102,69,2001,102,Iran,Asia
1103,70,2002,102,Iran,Asia
1104,70,2003,102,Iran,Asia
1105,71,2004,102,Iran,Asia
1106,72,2005,102,Iran,Asia
1107,73,2006,102,Iran,Asia
1108,74,2007,102,Iran,Asia
1109,75,2008,102,Iran,Asia
1110,75,2009,102,Iran,Asia
1111,76,2010,102,Iran,Asia
1112,22,2000,103,Iraq,Asia
1113,23,2001,103,Iraq,Asia
1114,24,2002,103,Iraq,Asia
1115,24,2003,103,Iraq,Asia
1116,25,2004,103,Iraq,Asia
1117,26,2005,103,Iraq,Asia
1118,26,2006,103,Iraq,Asia
1119,27,2007,103,Iraq,Asia
1120,28,2008,103,Iraq,Asia
1121,28,2009,103,Iraq,Asia
1122,29,2010,103,Iraq,Asia
1123,6,2000,104,Israel,Asia
1124,6,2001,104,Israel,Asia
1125,6,2002,104,Israel,Asia
1126,6,2003,104,Israel,Asia
1127,6,2004,104,Israel,Asia
1128,6,2005,104,Israel,Asia
1129,6,2006,104,Israel,Asia
1130,6,2007,104,Israel,Asia
1131,7,2008,104,Israel,Asia
1132,7,2009,104,Israel,Asia
1133,7,2010,104,Israel,Asia
1134,4,2000,105,Jordan,Asia
1135,4,2001,105,Jordan,Asia
1136,4,2002,105,Jordan,Asia
1137,5,2003,105,Jordan,Asia
1138,5,2004,105,Jordan,Asia
1139,5,2005,105,Jordan,Asia
1140,5,2006,105,Jordan,Asia
1141,5,2007,105,Jordan,Asia
1142,6,2008,105,Jordan,Asia
1143,6,2009,105,Jordan,Asia
1144,6,2010,105,Jordan,Asia
1145,1,2000,106,Kuwait,Asia
1146,2,2001,106,Kuwait,Asia
1147,2,2002,106,Kuwait,Asia
1148,2,2003,106,Kuwait,Asia
1149,2,2004,106,Kuwait,Asia
1150,2,2005,106,Kuwait,Asia
1151,2,2006,106,Kuwait,Asia
1152,2,2007,106,Kuwait,Asia
1153,2,2008,106,Kuwait,Asia
1154,2,2009,106,Kuwait,Asia
1155,2,2010,106,Kuwait,Asia
1156,3,2000,107,Lebanon,Asia
1157,3,2001,107,Lebanon,Asia
1158,3,2002,107,Lebanon,Asia
1159,3,2003,107,Lebanon,Asia
1160,3,2004,107,Lebanon,Asia
1161,3,2005,107,Lebanon,Asia
1162,3,2006,107,Lebanon,Asia
1163,3,2007,107,Lebanon,Asia
1164,4,2008,107,Lebanon,Asia
1165,4,2009,107,Lebanon,Asia
1166,4,2010,107,Lebanon,Asia
1167,2,2000,108,Oman,Asia
1168,2,2001,108,Oman,Asia
1169,2,2002,108,Oman,Asia
1170,2,2003,108,Oman,Asia
1171,2,2004,108,Oman,Asia
1172,2,2005,108,Oman,Asia
1173,2,2006,108,Oman,Asia
1174,2,2007,108,Oman,Asia
1175,2,2008,108,Oman,Asia
1176,2,2009,108,Oman,Asia
1177,2,2010,108,Oman,Asia
1178,3,2000,109,Palestine,Asia
1179,3,2001,109,Palestine,Asia
1180,3,2002,109,Palestine,Asia
1181,3,2003,109,Palestine,Asia
1182,3,2004,109,Palestine,Asia
1183,3,2005,109,Palestine,Asia
1184,3,2006,109,Palestine,Asia
1185,3,2007,109,Palestine,Asia
1186,3,2008,109,Palestine,Asia
1187,4,2009,109,Palestine,Asia
1188,4,2010,109,Palestine,Asia
1189,0,2000,110,Qatar,Asia
1190,0,2001,110,Qatar,Asia
1191,0,2002,110,Qatar,Asia
1192,0,2003,110,Qatar,Asia
1193,0,2004,110,Qatar,Asia
1194,0,2005,110,Qatar,Asia
1195,0,2006,110,Qatar,Asia
1196,0,2007,110,Qatar,Asia
1197,0,2008,110,Qatar,Asia
1198,0,2009,110,Qatar,Asia
1199,0,2010,110,Qatar,Asia
1200,21,2000,111,Saudi Arabia,Asia
1201,21,2001,111,Saudi Arabia,Asia
1202,22,2002,111,Saudi Arabia,Asia
1203,22,2003,111,Saudi Arabia,Asia
1204,23,2004,111,Saudi Arabia,Asia
1205,23,2005,111,Saudi Arabia,Asia
1206,24,2006,111,Saudi Arabia,Asia
1207,24,2007,111,Saudi Arabia,Asia
1208,24,2008,111,Saudi Arabia,Asia
1209,25,2009,111,Saudi Arabia,Asia
1210,25,2010,111,Saudi Arabia,Asia
1211,16,2000,112,Syria,Asia
1212,16,2001,112,Syria,Asia
1213,17,2002,112,Syria,Asia
1214,17,2003,112,Syria,Asia
1215,18,2004,112,Syria,Asia
1216,18,2005,112,Syria,Asia
1217,19,2006,112,Syria,Asia
1218,20,2007,112,Syria,Asia
1219,21,2008,112,Syria,Asia
1220,21,2009,112,Syria,Asia
1221,22,2010,112,Syria,Asia
1222,3,2000,113,United Arab Emirates,Asia
1223,3,2001,113,United Arab Emirates,Asia
1224,3,2002,113,United Arab Emirates,Asia
1225,3,2003,113,United Arab Emirates,Asia
1226,3,2004,113,United Arab Emirates,Asia
1227,4,2005,113,United Arab Emirates,Asia
1228,4,2006,113,United Arab Emirates,Asia
1229,4,2007,113,United Arab Emirates,Asia
1230,4,2008,113,United Arab Emirates,Asia
1231,4,2009,113,United Arab Emirates,Asia
1232,4,2010,113,United Arab Emirates,Asia
1233,17,2000,114,Yemen,Asia
1234,17,2001,114,Yemen,Asia
1235,18,2002,114,Yemen,Asia
1236,19,2003,114,Yemen,Asia
1237,19,2004,114,Yemen,Asia
1238,20,2005,114,Yemen,Asia
1239,20,2006,114,Yemen,Asia
1240,21,2007,114,Yemen,Asia
1241,22,2008,114,Yemen,Asia
1242,22,2009,114,Yemen,Asia
1243,23,2010,114,Yemen,Asia
1244,30,2000,115,Algeria,Africa
1245,30,2001,115,Algeria,Africa
1246,31,2002,115,Algeria,Africa
1247,31,2003,115,Algeria,Africa
1248,32,2004,115,Algeria,Africa
1249,32,2005,115,Algeria,Africa
1250,32,2006,115,Algeria,Africa
1251,33,2007,115,Algeria,Africa
1252,33,2008,115,Algeria,Africa
1253,34,2009,115,Algeria,Africa
1254,34,2010,115,Algeria,Africa
1255,10,2000,116,Angola,Africa
1256,10,2001,116,Angola,Africa
1257,10,2002,116,Angola,Africa
1258,11,2003,116,Angola,Africa
1259,11,2004,116,Angola,Africa
1260,11,2005,116,Angola,Africa
1261,11,2006,116,Angola,Africa
1262,12,2007,116,Angola,Africa
1263,12,2008,116,Angola,Africa
1264,12,2009,116,Angola,Africa
1265,13,2010,116,Angola,Africa
1266,6,2000,117,Benin,Africa
1267,6,2001,117,Benin,Africa
1268,7,2002,117,Benin,Africa
1269,7,2003,117,Benin,Africa
1270,7,2004,117,Benin,Africa
1271,7,2005,117,Benin,Africa
1272,8,2006,117,Benin,Africa
1273,8,2007,117,Benin,Africa
1274,8,2008,117,Benin,Africa
1275,8,2009,117,Benin,Africa
1276,9,2010,117,Benin,Africa
1277,1,2000,118,Botswana,Africa
1278,1,2001,118,Botswana,Africa
1279,1,2002,118,Botswana,Africa
1280,1,2003,118,Botswana,Africa
1281,1,2004,118,Botswana,Africa
1282,1,2005,118,Botswana,Africa
1283,1,2006,118,Botswana,Africa
1284,1,2007,118,Botswana,Africa
1285,1,2008,118,Botswana,Africa
1286,1,2009,118,Botswana,Africa
1287,2,2010,118,Botswana,Africa
1288,11,2000,119,Burkina Faso,Africa
1289,12,2001,119,Burkina Faso,Africa
1290,13,2003,119,Burkina Faso,Africa
1291,12,2002,119,Burkina Faso,Africa
1292,13,2004,119,Burkina Faso,Africa
1293,13,2005,119,Burkina Faso,Africa
1294,14,2006,119,Burkina Faso,Africa
1295,14,2007,119,Burkina Faso,Africa
1296,15,2008,119,Burkina Faso,Africa
1297,15,2009,119,Burkina Faso,Africa
1298,16,2010,119,Burkina Faso,Africa
1299,6,2000,120,Burundi,Africa
1300,7,2001,120,Burundi,Africa
1301,7,2002,120,Burundi,Africa
1302,7,2003,120,Burundi,Africa
1303,7,2004,120,Burundi,Africa
1304,8,2005,120,Burundi,Africa
1305,8,2006,120,Burundi,Africa
1306,8,2007,120,Burundi,Africa
1307,9,2008,120,Burundi,Africa
1308,9,2009,120,Burundi,Africa
1309,9,2010,120,Burundi,Africa
1310,15,2000,121,Cameroon,Africa
1311,15,2001,121,Cameroon,Africa
1312,16,2002,121,Cameroon,Africa
1313,16,2003,121,Cameroon,Africa
1314,16,2004,121,Cameroon,Africa
1315,17,2005,121,Cameroon,Africa
1316,17,2006,121,Cameroon,Africa
1317,18,2007,121,Cameroon,Africa
1318,18,2008,121,Cameroon,Africa
1319,18,2009,121,Cameroon,Africa
1320,19,2010,121,Cameroon,Africa
1321,0,2000,122,Cape Verde,Africa
1322,0,2001,122,Cape Verde,Africa
1323,0,2002,122,Cape Verde,Africa
1324,0,2003,122,Cape Verde,Africa
1325,0,2004,122,Cape Verde,Africa
1326,0,2005,122,Cape Verde,Africa
1327,0,2006,122,Cape Verde,Africa
1328,0,2007,122,Cape Verde,Africa
1329,0,2008,122,Cape Verde,Africa
1330,0,2009,122,Cape Verde,Africa
1331,0,2010,122,Cape Verde,Africa
1332,3,2000,123,Central African Republic,Africa
1333,4,2001,123,Central African Republic,Africa
1334,4,2002,123,Central African Republic,Africa
1335,4,2003,123,Central African Republic,Africa
1336,4,2004,123,Central African Republic,Africa
1337,4,2005,123,Central African Republic,Africa
1338,4,2006,123,Central African Republic,Africa
1339,4,2007,123,Central African Republic,Africa
1340,4,2008,123,Central African Republic,Africa
1341,4,2009,123,Central African Republic,Africa
1342,4,2010,123,Central African Republic,Africa
1343,7,2000,124,Chad,Africa
1344,8,2001,124,Chad,Africa
1345,8,2002,124,Chad,Africa
1346,8,2003,124,Chad,Africa
1347,9,2004,124,Chad,Africa
1348,9,2005,124,Chad,Africa
1349,9,2006,124,Chad,Africa
1350,9,2007,124,Chad,Africa
1351,10,2008,124,Chad,Africa
1352,10,2009,124,Chad,Africa
1353,10,2010,124,Chad,Africa
1354,0,2000,125,Comoros,Africa
1355,0,2001,125,Comoros,Africa
1356,0,2002,125,Comoros,Africa
1357,0,2003,125,Comoros,Africa
1358,0,2004,125,Comoros,Africa
1359,0,2005,125,Comoros,Africa
1360,0,2006,125,Comoros,Africa
1361,0,2007,125,Comoros,Africa
1362,0,2008,125,Comoros,Africa
1363,0,2009,125,Comoros,Africa
1364,0,2010,125,Comoros,Africa
1365,3,2000,126,Congo (Brazzaville),Africa
1366,3,2001,126,Congo (Brazzaville),Africa
1367,3,2002,126,Congo (Brazzaville),Africa
1368,3,2003,126,Congo (Brazzaville),Africa
1369,3,2004,126,Congo (Brazzaville),Africa
1370,3,2005,126,Congo (Brazzaville),Africa
1371,3,2006,126,Congo (Brazzaville),Africa
1372,3,2007,126,Congo (Brazzaville),Africa
1373,3,2008,126,Congo (Brazzaville),Africa
1374,4,2009,126,Congo (Brazzaville),Africa
1375,4,2010,126,Congo (Brazzaville),Africa
1376,51,2000,127,Congo (Kinshasa),Africa
1377,53,2001,127,Congo (Kinshasa),Africa
1378,55,2002,127,Congo (Kinshasa),Africa
1379,56,2003,127,Congo (Kinshasa),Africa
1380,58,2004,127,Congo (Kinshasa),Africa
1381,60,2005,127,Congo (Kinshasa),Africa
1382,62,2006,127,Congo (Kinshasa),Africa
1383,64,2007,127,Congo (Kinshasa),Africa
1384,66,2008,127,Congo (Kinshasa),Africa
1385,68,2009,127,Congo (Kinshasa),Africa
1386,70,2010,127,Congo (Kinshasa),Africa
1387,16,2000,128,Cote dIvoire (IvoryCoast),Africa
1388,17,2001,128,Cote dIvoire (IvoryCoast),Africa
1389,17,2002,128,Cote dIvoire (IvoryCoast),Africa
1390,18,2003,128,Cote dIvoire (IvoryCoast),Africa
1391,18,2004,128,Cote dIvoire (IvoryCoast),Africa
1392,18,2005,128,Cote dIvoire (IvoryCoast),Africa
1393,19,2006,128,Cote dIvoire (IvoryCoast),Africa
1394,19,2007,128,Cote dIvoire (IvoryCoast),Africa
1395,20,2008,128,Cote dIvoire (IvoryCoast),Africa
1396,20,2009,128,Cote dIvoire (IvoryCoast),Africa
1397,21,2010,128,Cote dIvoire (IvoryCoast),Africa
1398,0,2000,129,Djibouti,Africa
1399,0,2001,129,Djibouti,Africa
1400,0,2002,129,Djibouti,Africa
1401,0,2003,129,Djibouti,Africa
1402,0,2004,129,Djibouti,Africa
1403,0,2005,129,Djibouti,Africa
1404,0,2006,129,Djibouti,Africa
1405,0,2007,129,Djibouti,Africa
1406,0,2008,129,Djibouti,Africa
1407,0,2009,129,Djibouti,Africa
1408,0,2010,129,Djibouti,Africa
1409,65,2000,130,Egypt,Africa
1410,66,2001,130,Egypt,Africa
1411,68,2002,130,Egypt,Africa
1412,69,2003,130,Egypt,Africa
1413,71,2004,130,Egypt,Africa
1414,72,2005,130,Egypt,Africa
1415,74,2006,130,Egypt,Africa
1416,75,2007,130,Egypt,Africa
1417,77,2008,130,Egypt,Africa
1418,78,2009,130,Egypt,Africa
1419,80,2010,130,Egypt,Africa
1420,0,2000,131,Equatorial Guinea,Africa
1421,0,2001,131,Equatorial Guinea,Africa
1422,0,2002,131,Equatorial Guinea,Africa
1423,0,2003,131,Equatorial Guinea,Africa
1424,0,2004,131,Equatorial Guinea,Africa
1425,0,2005,131,Equatorial Guinea,Africa
1426,0,2006,131,Equatorial Guinea,Africa
1427,0,2007,131,Equatorial Guinea,Africa
1428,0,2008,131,Equatorial Guinea,Africa
1429,0,2009,131,Equatorial Guinea,Africa
1430,0,2010,131,Equatorial Guinea,Africa
1431,4,2000,132,Eritrea,Africa
1432,4,2001,132,Eritrea,Africa
1433,4,2002,132,Eritrea,Africa
1434,4,2003,132,Eritrea,Africa
1435,4,2004,132,Eritrea,Africa
1436,5,2005,132,Eritrea,Africa
1437,5,2006,132,Eritrea,Africa
1438,5,2007,132,Eritrea,Africa
1439,5,2008,132,Eritrea,Africa
1440,5,2009,132,Eritrea,Africa
1441,5,2010,132,Eritrea,Africa
1442,64,2000,133,Ethiopia,Africa
1443,66,2001,133,Ethiopia,Africa
1444,68,2002,133,Ethiopia,Africa
1445,70,2003,133,Ethiopia,Africa
1446,72,2004,133,Ethiopia,Africa
1447,74,2005,133,Ethiopia,Africa
1448,77,2006,133,Ethiopia,Africa
1449,79,2007,133,Ethiopia,Africa
1450,82,2008,133,Ethiopia,Africa
1451,85,2009,133,Ethiopia,Africa
1452,88,2010,133,Ethiopia,Africa
1453,1,2000,134,Gabon,Africa
1454,1,2001,134,Gabon,Africa
1455,1,2002,134,Gabon,Africa
1456,1,2003,134,Gabon,Africa
1457,1,2004,134,Gabon,Africa
1458,1,2005,134,Gabon,Africa
1459,1,2006,134,Gabon,Africa
1460,1,2007,134,Gabon,Africa
1461,1,2008,134,Gabon,Africa
1462,1,2009,134,Gabon,Africa
1463,1,2010,134,Gabon,Africa
1464,1,2000,135,"Gambia, The",Africa
1465,1,2001,135,"Gambia, The",Africa
1466,1,2002,135,"Gambia, The",Africa
1467,1,2003,135,"Gambia, The",Africa
1468,1,2004,135,"Gambia, The",Africa
1469,1,2005,135,"Gambia, The",Africa
1470,1,2006,135,"Gambia, The",Africa
1471,1,2007,135,"Gambia, The",Africa
1472,1,2008,135,"Gambia, The",Africa
1473,1,2009,135,"Gambia, The",Africa
1474,1,2010,135,"Gambia, The",Africa
1475,19,2000,136,Ghana,Africa
1476,20,2001,136,Ghana,Africa
1477,20,2002,136,Ghana,Africa
1478,21,2003,136,Ghana,Africa
1479,21,2004,136,Ghana,Africa
1480,22,2005,136,Ghana,Africa
1481,22,2006,136,Ghana,Africa
1482,22,2007,136,Ghana,Africa
1483,23,2008,136,Ghana,Africa
1484,23,2009,136,Ghana,Africa
1485,24,2010,136,Ghana,Africa
1486,8,2000,137,Guinea,Africa
1487,8,2001,137,Guinea,Africa
1488,8,2002,137,Guinea,Africa
1489,8,2003,137,Guinea,Africa
1490,8,2004,137,Guinea,Africa
1491,9,2005,137,Guinea,Africa
1492,9,2006,137,Guinea,Africa
1493,9,2007,137,Guinea,Africa
1494,9,2008,137,Guinea,Africa
1495,10,2009,137,Guinea,Africa
1496,10,2010,137,Guinea,Africa
1497,1,2000,138,Guinea-Bissau,Africa
1498,1,2001,138,Guinea-Bissau,Africa
1499,1,2002,138,Guinea-Bissau,Africa
1500,1,2003,138,Guinea-Bissau,Africa
1501,1,2004,138,Guinea-Bissau,Africa
1502,1,2005,138,Guinea-Bissau,Africa
1503,1,2006,138,Guinea-Bissau,Africa
1504,1,2007,138,Guinea-Bissau,Africa
1505,1,2008,138,Guinea-Bissau,Africa
1506,1,2009,138,Guinea-Bissau,Africa
1507,1,2010,138,Guinea-Bissau,Africa
1508,30,2000,139,Kenya,Africa
1509,31,2001,139,Kenya,Africa
1510,32,2002,139,Kenya,Africa
1511,33,2003,139,Kenya,Africa
1512,33,2004,139,Kenya,Africa
1513,34,2005,139,Kenya,Africa
1514,35,2006,139,Kenya,Africa
1515,36,2007,139,Kenya,Africa
1516,37,2008,139,Kenya,Africa
1517,39,2009,139,Kenya,Africa
1518,40,2010,139,Kenya,Africa
1519,1,2000,140,Lesotho,Africa
1520,1,2001,140,Lesotho,Africa
1521,1,2002,140,Lesotho,Africa
1522,1,2003,140,Lesotho,Africa
1523,1,2004,140,Lesotho,Africa
1524,1,2005,140,Lesotho,Africa
1525,1,2006,140,Lesotho,Africa
1526,1,2007,140,Lesotho,Africa
1527,1,2008,140,Lesotho,Africa
1528,1,2009,140,Lesotho,Africa
1529,1,2010,140,Lesotho,Africa
1530,2,2000,141,Liberia,Africa
1531,2,2001,141,Liberia,Africa
1532,2,2002,141,Liberia,Africa
1533,2,2003,141,Liberia,Africa
1534,2,2004,141,Liberia,Africa
1535,2,2005,141,Liberia,Africa
1536,3,2006,141,Liberia,Africa
1537,3,2007,141,Liberia,Africa
1538,3,2008,141,Liberia,Africa
1539,3,2009,141,Liberia,Africa
1540,3,2010,141,Liberia,Africa
1541,5,2000,142,Libya,Africa
1542,5,2001,142,Libya,Africa
1543,5,2002,142,Libya,Africa
1544,5,2003,142,Libya,Africa
1545,5,2004,142,Libya,Africa
1546,5,2005,142,Libya,Africa
1547,5,2006,142,Libya,Africa
1548,6,2007,142,Libya,Africa
1549,6,2008,142,Libya,Africa
1550,6,2009,142,Libya,Africa
1551,6,2010,142,Libya,Africa
1552,15,2000,143,Madagascar,Africa
1553,16,2001,143,Madagascar,Africa
1554,16,2002,143,Madagascar,Africa
1555,17,2003,143,Madagascar,Africa
1556,17,2004,143,Madagascar,Africa
1557,18,2005,143,Madagascar,Africa
1558,18,2006,143,Madagascar,Africa
1559,19,2007,143,Madagascar,Africa
1560,20,2008,143,Madagascar,Africa
1561,20,2009,143,Madagascar,Africa
1562,21,2010,143,Madagascar,Africa
1563,11,2000,144,Malawi,Africa
1564,12,2001,144,Malawi,Africa
1565,12,2002,144,Malawi,Africa
1566,12,2003,144,Malawi,Africa
1567,13,2004,144,Malawi,Africa
1568,13,2005,144,Malawi,Africa
1569,13,2006,144,Malawi,Africa
1570,14,2007,144,Malawi,Africa
1571,14,2008,144,Malawi,Africa
1572,15,2009,144,Malawi,Africa
1573,15,2010,144,Malawi,Africa
1574,10,2000,145,Mali,Africa
1575,10,2001,145,Mali,Africa
1576,11,2002,145,Mali,Africa
1577,11,2003,145,Mali,Africa
1578,11,2004,145,Mali,Africa
1579,12,2005,145,Mali,Africa
1580,12,2006,145,Mali,Africa
1581,12,2007,145,Mali,Africa
1582,13,2008,145,Mali,Africa
1583,13,2009,145,Mali,Africa
1584,13,2010,145,Mali,Africa
1585,2,2000,146,Mauritania,Africa
1586,2,2001,146,Mauritania,Africa
1587,2,2002,146,Mauritania,Africa
1588,2,2003,146,Mauritania,Africa
1589,2,2004,146,Mauritania,Africa
1590,2,2005,146,Mauritania,Africa
1591,2,2006,146,Mauritania,Africa
1592,2,2007,146,Mauritania,Africa
1593,3,2008,146,Mauritania,Africa
1594,3,2009,146,Mauritania,Africa
1595,3,2010,146,Mauritania,Africa
1596,1,2000,147,Mauritius,Africa
1597,1,2001,147,Mauritius,Africa
1598,1,2002,147,Mauritius,Africa
1599,1,2003,147,Mauritius,Africa
1600,1,2004,147,Mauritius,Africa
1601,1,2005,147,Mauritius,Africa
1602,1,2006,147,Mauritius,Africa
1603,1,2007,147,Mauritius,Africa
1604,1,2008,147,Mauritius,Africa
1605,1,2009,147,Mauritius,Africa
1606,1,2010,147,Mauritius,Africa
1607,28,2000,148,Morocco,Africa
1608,28,2001,148,Morocco,Africa
1609,28,2002,148,Morocco,Africa
1610,29,2003,148,Morocco,Africa
1611,29,2004,148,Morocco,Africa
1612,29,2005,148,Morocco,Africa
1613,30,2006,148,Morocco,Africa
1614,30,2007,148,Morocco,Africa
1615,30,2008,148,Morocco,Africa
1616,31,2009,148,Morocco,Africa
1617,31,2010,148,Morocco,Africa
1618,18,2000,149,Mozambique,Africa
1619,18,2001,149,Mozambique,Africa
1620,18,2002,149,Mozambique,Africa
1621,19,2003,149,Mozambique,Africa
1622,19,2004,149,Mozambique,Africa
1623,20,2005,149,Mozambique,Africa
1624,20,2006,149,Mozambique,Africa
1625,20,2007,149,Mozambique,Africa
1626,21,2008,149,Mozambique,Africa
1627,21,2009,149,Mozambique,Africa
1628,22,2010,149,Mozambique,Africa
1629,1,2000,150,Namibia,Africa
1630,1,2001,150,Namibia,Africa
1631,1,2002,150,Namibia,Africa
1632,1,2003,150,Namibia,Africa
1633,2,2004,150,Namibia,Africa
1634,2,2005,150,Namibia,Africa
1635,2,2006,150,Namibia,Africa
1636,2,2007,150,Namibia,Africa
1637,2,2008,150,Namibia,Africa
1638,2,2009,150,Namibia,Africa
1639,2,2010,150,Namibia,Africa
1640,10,2000,151,Niger,Africa
1641,11,2001,151,Niger,Africa
1642,11,2002,151,Niger,Africa
1643,12,2003,151,Niger,Africa
1644,12,2004,151,Niger,Africa
1645,13,2005,151,Niger,Africa
1646,13,2006,151,Niger,Africa
1647,14,2007,151,Niger,Africa
1648,14,2008,151,Niger,Africa
1649,15,2009,151,Niger,Africa
1650,15,2010,151,Niger,Africa
1651,123,2000,152,Nigeria,Africa
1652,126,2001,152,Nigeria,Africa
1653,128,2002,152,Nigeria,Africa
1654,131,2003,152,Nigeria,Africa
1655,134,2004,152,Nigeria,Africa
1656,137,2005,152,Nigeria,Africa
1657,140,2006,152,Nigeria,Africa
1658,143,2007,152,Nigeria,Africa
1659,146,2008,152,Nigeria,Africa
1660,149,2009,152,Nigeria,Africa
1661,152,2010,152,Nigeria,Africa
1662,0,2000,153,Reunion,Africa
1663,0,2001,153,Reunion,Africa
1664,0,2002,153,Reunion,Africa
1665,0,2003,153,Reunion,Africa
1666,0,2004,153,Reunion,Africa
1667,0,2005,153,Reunion,Africa
1668,0,2006,153,Reunion,Africa
1669,0,2007,153,Reunion,Africa
1670,0,2008,153,Reunion,Africa
1671,0,2009,153,Reunion,Africa
1672,0,2010,153,Reunion,Africa
1673,8,2000,154,Rwanda,Africa
1674,8,2001,154,Rwanda,Africa
1675,8,2002,154,Rwanda,Africa
1676,9,2003,154,Rwanda,Africa
1677,9,2004,154,Rwanda,Africa
1678,9,2005,154,Rwanda,Africa
1679,9,2006,154,Rwanda,Africa
1680,10,2007,154,Rwanda,Africa
1681,10,2008,154,Rwanda,Africa
1682,10,2009,154,Rwanda,Africa
1683,11,2010,154,Rwanda,Africa
1684,0,2000,155,Saint Helena,Africa
1685,0,2001,155,Saint Helena,Africa
1686,0,2002,155,Saint Helena,Africa
1687,0,2003,155,Saint Helena,Africa
1688,0,2004,155,Saint Helena,Africa
1689,0,2005,155,Saint Helena,Africa
1690,0,2006,155,Saint Helena,Africa
1691,0,2007,155,Saint Helena,Africa
1692,0,2008,155,Saint Helena,Africa
1693,0,2009,155,Saint Helena,Africa
1694,0,2010,155,Saint Helena,Africa
1695,0,2000,156,Sao Tome and Principe,Africa
1696,0,2001,156,Sao Tome and Principe,Africa
1697,0,2002,156,Sao Tome and Principe,Africa
1698,0,2003,156,Sao Tome and Principe,Africa
1699,0,2004,156,Sao Tome and Principe,Africa
1700,0,2005,156,Sao Tome and Principe,Africa
1701,0,2006,156,Sao Tome and Principe,Africa
1702,0,2007,156,Sao Tome and Principe,Africa
1703,0,2008,156,Sao Tome and Principe,Africa
1704,0,2009,156,Sao Tome and Principe,Africa
1705,0,2010,156,Sao Tome and Principe,Africa
1706,9,2000,157,Senegal,Africa
1707,9,2001,157,Senegal,Africa
1708,9,2002,157,Senegal,Africa
1709,10,2003,157,Senegal,Africa
1710,10,2004,157,Senegal,Africa
1711,10,2005,157,Senegal,Africa
1712,11,2006,157,Senegal,Africa
1713,11,2007,157,Senegal,Africa
1714,11,2008,157,Senegal,Africa
1715,12,2009,157,Senegal,Africa
1716,12,2010,157,Senegal,Africa
1717,0,2000,158,Seychelles,Africa
1718,0,2001,158,Seychelles,Africa
1719,0,2002,158,Seychelles,Africa
1720,0,2003,158,Seychelles,Africa
1721,0,2004,158,Seychelles,Africa
1722,0,2005,158,Seychelles,Africa
1723,0,2006,158,Seychelles,Africa
1724,0,2007,158,Seychelles,Africa
1725,0,2008,158,Seychelles,Africa
1726,0,2009,158,Seychelles,Africa
1727,0,2010,158,Seychelles,Africa
1728,3,2000,159,Sierra Leone,Africa
1729,4,2001,159,Sierra Leone,Africa
1730,4,2002,159,Sierra Leone,Africa
1731,4,2003,159,Sierra Leone,Africa
1732,4,2004,159,Sierra Leone,Africa
1733,4,2005,159,Sierra Leone,Africa
1734,4,2006,159,Sierra Leone,Africa
1735,4,2007,159,Sierra Leone,Africa
1736,5,2008,159,Sierra Leone,Africa
1737,5,2009,159,Sierra Leone,Africa
1738,5,2010,159,Sierra Leone,Africa
1739,7,2000,160,Somalia,Africa
1740,7,2001,160,Somalia,Africa
1741,7,2002,160,Somalia,Africa
1742,8,2003,160,Somalia,Africa
1743,8,2004,160,Somalia,Africa
1744,8,2005,160,Somalia,Africa
1745,9,2006,160,Somalia,Africa
1746,9,2007,160,Somalia,Africa
1747,9,2008,160,Somalia,Africa
1748,9,2009,160,Somalia,Africa
1749,10,2010,160,Somalia,Africa
1750,45,2001,161,South Africa,Africa
1751,45,2000,161,South Africa,Africa
1752,46,2002,161,South Africa,Africa
1753,46,2003,161,South Africa,Africa
1754,47,2004,161,South Africa,Africa
1755,47,2005,161,South Africa,Africa
1756,47,2006,161,South Africa,Africa
1757,48,2007,161,South Africa,Africa
1758,48,2008,161,South Africa,Africa
1759,49,2009,161,South Africa,Africa
1760,49,2010,161,South Africa,Africa
1761,34,2000,162,Sudan,Africa
1762,35,2001,162,Sudan,Africa
1763,35,2002,162,Sudan,Africa
1764,36,2003,162,Sudan,Africa
1765,37,2004,162,Sudan,Africa
1766,38,2005,162,Sudan,Africa
1767,39,2006,162,Sudan,Africa
1768,40,2007,162,Sudan,Africa
1769,41,2008,162,Sudan,Africa
1770,42,2009,162,Sudan,Africa
1771,43,2010,162,Sudan,Africa
1772,1,2000,163,Swaziland,Africa
1773,1,2001,163,Swaziland,Africa
1774,1,2002,163,Swaziland,Africa
1775,1,2003,163,Swaziland,Africa
1776,1,2004,163,Swaziland,Africa
1777,1,2005,163,Swaziland,Africa
1778,1,2006,163,Swaziland,Africa
1779,1,2007,163,Swaziland,Africa
1780,1,2008,163,Swaziland,Africa
1781,1,2009,163,Swaziland,Africa
1782,1,2010,163,Swaziland,Africa
1783,33,2000,164,Tanzania,Africa
1784,34,2001,164,Tanzania,Africa
1785,35,2002,164,Tanzania,Africa
1786,36,2003,164,Tanzania,Africa
1787,36,2004,164,Tanzania,Africa
1788,37,2005,164,Tanzania,Africa
1789,38,2006,164,Tanzania,Africa
1790,39,2007,164,Tanzania,Africa
1791,40,2008,164,Tanzania,Africa
1792,41,2009,164,Tanzania,Africa
1793,41,2010,164,Tanzania,Africa
1794,4,2000,165,Togo,Africa
1795,5,2001,165,Togo,Africa
1796,5,2002,165,Togo,Africa
1797,5,2003,165,Togo,Africa
1798,5,2004,165,Togo,Africa
1799,5,2005,165,Togo,Africa
1800,5,2006,165,Togo,Africa
1801,6,2007,165,Togo,Africa
1802,6,2008,165,Togo,Africa
1803,6,2009,165,Togo,Africa
1804,6,2010,165,Togo,Africa
1805,9,2000,166,Tunisia,Africa
1806,9,2001,166,Tunisia,Africa
1807,9,2002,166,Tunisia,Africa
1808,9,2003,166,Tunisia,Africa
1809,9,2004,166,Tunisia,Africa
1810,10,2005,166,Tunisia,Africa
1811,10,2006,166,Tunisia,Africa
1812,10,2007,166,Tunisia,Africa
1813,10,2008,166,Tunisia,Africa
1814,10,2009,166,Tunisia,Africa
1815,10,2010,166,Tunisia,Africa
1816,23,2000,167,Uganda,Africa
1817,24,2001,167,Uganda,Africa
1818,25,2002,167,Uganda,Africa
1819,26,2003,167,Uganda,Africa
1820,27,2004,167,Uganda,Africa
1821,28,2005,167,Uganda,Africa
1822,29,2006,167,Uganda,Africa
1823,30,2007,167,Uganda,Africa
1824,31,2008,167,Uganda,Africa
1825,32,2009,167,Uganda,Africa
1826,33,2010,167,Uganda,Africa
1827,0,2000,168,Western Sahara,Africa
1828,0,2001,168,Western Sahara,Africa
1829,0,2002,168,Western Sahara,Africa
1830,0,2003,168,Western Sahara,Africa
1831,0,2004,168,Western Sahara,Africa
1832,0,2005,168,Western Sahara,Africa
1833,0,2006,168,Western Sahara,Africa
1834,0,2007,168,Western Sahara,Africa
1835,0,2008,168,Western Sahara,Africa
1836,0,2009,168,Western Sahara,Africa
1837,0,2010,168,Western Sahara,Africa
1838,10,2000,169,Zambia,Africa
1839,10,2001,169,Zambia,Africa
1840,10,2002,169,Zambia,Africa
1841,11,2003,169,Zambia,Africa
1842,11,2004,169,Zambia,Africa
1843,11,2005,169,Zambia,Africa
1844,12,2006,169,Zambia,Africa
1845,12,2007,169,Zambia,Africa
1846,12,2008,169,Zambia,Africa
1847,13,2009,169,Zambia,Africa
1848,13,2010,169,Zambia,Africa
1849,11,2000,170,Zimbabwe,Africa
1850,11,2001,170,Zimbabwe,Africa
1851,11,2002,170,Zimbabwe,Africa
1852,11,2003,170,Zimbabwe,Africa
1853,11,2004,170,Zimbabwe,Africa
1854,11,2005,170,Zimbabwe,Africa
1855,11,2006,170,Zimbabwe,Africa
1856,11,2007,170,Zimbabwe,Africa
1857,11,2008,170,Zimbabwe,Africa
1858,11,2009,170,Zimbabwe,Africa
1859,11,2010,170,Zimbabwe,Africa
1860,22,2000,171,Afghanistan,Asia
1861,22,2001,171,Afghanistan,Asia
1862,23,2002,171,Afghanistan,Asia
1863,24,2003,171,Afghanistan,Asia
1864,25,2004,171,Afghanistan,Asia
1865,25,2005,171,Afghanistan,Asia
1866,26,2006,171,Afghanistan,Asia
1867,26,2007,171,Afghanistan,Asia
1868,27,2008,171,Afghanistan,Asia
1869,28,2009,171,Afghanistan,Asia
1870,29,2010,171,Afghanistan,Asia
1871,0,2000,172,American Samoa,Oceania
1872,0,2001,172,American Samoa,Oceania
1873,0,2002,172,American Samoa,Oceania
1874,0,2003,172,American Samoa,Oceania
1875,0,2004,172,American Samoa,Oceania
1876,0,2005,172,American Samoa,Oceania
1877,0,2006,172,American Samoa,Oceania
1878,0,2007,172,American Samoa,Oceania
1879,0,2008,172,American Samoa,Oceania
1880,0,2009,172,American Samoa,Oceania
1881,0,2010,172,American Samoa,Oceania
1882,19,2000,173,Australia,Oceania
1883,19,2001,173,Australia,Oceania
1884,19,2002,173,Australia,Oceania
1885,19,2003,173,Australia,Oceania
1886,19,2004,173,Australia,Oceania
1887,20,2005,173,Australia,Oceania
1888,20,2006,173,Australia,Oceania
1889,20,2007,173,Australia,Oceania
1890,21,2008,173,Australia,Oceania
1891,21,2009,173,Australia,Oceania
1892,21,2010,173,Australia,Oceania
1893,132,2000,174,Bangladesh,Asia
1894,134,2001,174,Bangladesh,Asia
1895,136,2002,174,Bangladesh,Asia
1896,139,2003,174,Bangladesh,Asia
1897,141,2004,174,Bangladesh,Asia
1898,144,2005,174,Bangladesh,Asia
1899,146,2006,174,Bangladesh,Asia
1900,148,2007,174,Bangladesh,Asia
1901,151,2008,174,Bangladesh,Asia
1902,153,2009,174,Bangladesh,Asia
1903,156,2010,174,Bangladesh,Asia
1904,0,2000,175,Bhutan,Asia
1905,0,2001,175,Bhutan,Asia
1906,0,2002,175,Bhutan,Asia
1907,0,2003,175,Bhutan,Asia
1908,0,2004,175,Bhutan,Asia
1909,0,2005,175,Bhutan,Asia
1910,0,2006,175,Bhutan,Asia
1911,0,2007,175,Bhutan,Asia
1912,0,2008,175,Bhutan,Asia
1913,0,2009,175,Bhutan,Asia
1914,0,2010,175,Bhutan,Asia
1915,0,2000,176,Brunei,Asia
1916,0,2001,176,Brunei,Asia
1917,0,2002,176,Brunei,Asia
1918,0,2003,176,Brunei,Asia
1919,0,2004,176,Brunei,Asia
1920,0,2005,176,Brunei,Asia
1921,0,2006,176,Brunei,Asia
1922,0,2007,176,Brunei,Asia
1923,0,2008,176,Brunei,Asia
1924,0,2009,176,Brunei,Asia
1925,0,2010,176,Brunei,Asia
1926,47,2000,177,Burma (Myanmar),Asia
1927,48,2001,177,Burma (Myanmar),Asia
1928,48,2002,177,Burma (Myanmar),Asia
1929,49,2003,177,Burma (Myanmar),Asia
1930,49,2004,177,Burma (Myanmar),Asia
1931,50,2005,177,Burma (Myanmar),Asia
1932,51,2006,177,Burma (Myanmar),Asia
1933,51,2007,177,Burma (Myanmar),Asia
1934,52,2008,177,Burma (Myanmar),Asia
1935,52,2009,177,Burma (Myanmar),Asia
1936,53,2010,177,Burma (Myanmar),Asia
1937,12,2000,178,Cambodia,Asia
1938,12,2001,178,Cambodia,Asia
1939,12,2002,178,Cambodia,Asia
1940,12,2003,178,Cambodia,Asia
1941,13,2004,178,Cambodia,Asia
1942,13,2005,178,Cambodia,Asia
1943,13,2006,178,Cambodia,Asia
1944,13,2007,178,Cambodia,Asia
1945,13,2008,178,Cambodia,Asia
1946,14,2009,178,Cambodia,Asia
1947,14,2010,178,Cambodia,Asia
1948,1263,2000,179,China,Asia
1949,1270,2001,179,China,Asia
1950,1277,2002,179,China,Asia
1951,1284,2003,179,China,Asia
1952,1291,2004,179,China,Asia
1953,1297,2005,179,China,Asia
1954,1304,2006,179,China,Asia
1955,1310,2007,179,China,Asia
1956,1317,2008,179,China,Asia
1957,1323,2009,179,China,Asia
1958,1330,2010,179,China,Asia
1959,0,2000,180,Cook Islands,Oceania
1960,0,2001,180,Cook Islands,Oceania
1961,0,2002,180,Cook Islands,Oceania
1962,0,2003,180,Cook Islands,Oceania
1963,0,2004,180,Cook Islands,Oceania
1964,0,2005,180,Cook Islands,Oceania
1965,0,2006,180,Cook Islands,Oceania
1966,0,2007,180,Cook Islands,Oceania
1967,0,2008,180,Cook Islands,Oceania
1968,0,2009,180,Cook Islands,Oceania
1969,0,2010,180,Cook Islands,Oceania
1970,0,2000,181,Fiji,Oceania
1971,0,2001,181,Fiji,Oceania
1972,0,2002,181,Fiji,Oceania
1973,0,2003,181,Fiji,Oceania
1974,0,2004,181,Fiji,Oceania
1975,0,2005,181,Fiji,Oceania
1976,0,2006,181,Fiji,Oceania
1977,0,2007,181,Fiji,Oceania
1978,0,2008,181,Fiji,Oceania
1979,0,2009,181,Fiji,Oceania
1980,0,2010,181,Fiji,Oceania
1981,0,2000,182,French Polynesia,Oceania
1982,0,2001,182,French Polynesia,Oceania
1983,0,2002,182,French Polynesia,Oceania
1984,0,2003,182,French Polynesia,Oceania
1985,0,2004,182,French Polynesia,Oceania
1986,0,2005,182,French Polynesia,Oceania
1987,0,2006,182,French Polynesia,Oceania
1988,0,2007,182,French Polynesia,Oceania
1989,0,2008,182,French Polynesia,Oceania
1990,0,2009,182,French Polynesia,Oceania
1991,0,2010,182,French Polynesia,Oceania
1992,0,2000,183,Guam,Oceania
1993,0,2001,183,Guam,Oceania
1994,0,2002,183,Guam,Oceania
1995,0,2003,183,Guam,Oceania
1996,0,2004,183,Guam,Oceania
1997,0,2005,183,Guam,Oceania
1998,0,2006,183,Guam,Oceania
1999,0,2007,183,Guam,Oceania
2000,0,2008,183,Guam,Oceania
2001,0,2009,183,Guam,Oceania
2002,0,2010,183,Guam,Oceania
2003,6,2000,184,Hong Kong,Asia
2004,6,2001,184,Hong Kong,Asia
2005,6,2002,184,Hong Kong,Asia
2006,6,2003,184,Hong Kong,Asia
2007,6,2004,184,Hong Kong,Asia
2008,6,2005,184,Hong Kong,Asia
2009,6,2006,184,Hong Kong,Asia
2010,6,2007,184,Hong Kong,Asia
2011,7,2008,184,Hong Kong,Asia
2012,7,2009,184,Hong Kong,Asia
2013,7,2010,184,Hong Kong,Asia
2014,1006,2000,185,India,Asia
2015,1023,2001,185,India,Asia
2016,1040,2002,185,India,Asia
2017,1057,2003,185,India,Asia
2018,1074,2004,185,India,Asia
2019,1090,2005,185,India,Asia
2020,1107,2006,185,India,Asia
2021,1124,2007,185,India,Asia
2022,1140,2008,185,India,Asia
2023,1156,2009,185,India,Asia
2024,1173,2010,185,India,Asia
2025,214,2000,186,Indonesia,Asia
2026,217,2001,186,Indonesia,Asia
2027,220,2002,186,Indonesia,Asia
2028,223,2003,186,Indonesia,Asia
2029,226,2004,186,Indonesia,Asia
2030,228,2005,186,Indonesia,Asia
2031,231,2006,186,Indonesia,Asia
2032,234,2007,186,Indonesia,Asia
2033,237,2008,186,Indonesia,Asia
2034,240,2009,186,Indonesia,Asia
2035,242,2010,186,Indonesia,Asia
2036,126,2000,187,Japan,Asia
2037,126,2001,187,Japan,Asia
2038,127,2002,187,Japan,Asia
2039,127,2003,187,Japan,Asia
2040,127,2004,187,Japan,Asia
2041,127,2005,187,Japan,Asia
2042,127,2006,187,Japan,Asia
2043,127,2007,187,Japan,Asia
2044,127,2008,187,Japan,Asia
2045,127,2009,187,Japan,Asia
2046,126,2010,187,Japan,Asia
2047,0,2001,188,Kiribati,Oceania
2048,0,2000,188,Kiribati,Oceania
2049,0,2002,188,Kiribati,Oceania
2050,0,2003,188,Kiribati,Oceania
2051,0,2004,188,Kiribati,Oceania
2052,0,2005,188,Kiribati,Oceania
2053,0,2006,188,Kiribati,Oceania
2054,0,2007,188,Kiribati,Oceania
2055,0,2008,188,Kiribati,Oceania
2056,0,2009,188,Kiribati,Oceania
2057,0,2010,188,Kiribati,Oceania
2058,21,2000,189,"Korea, North",Asia
2059,21,2001,189,"Korea, North",Asia
2060,21,2002,189,"Korea, North",Asia
2061,21,2003,189,"Korea, North",Asia
2062,22,2004,189,"Korea, North",Asia
2063,22,2005,189,"Korea, North",Asia
2064,22,2006,189,"Korea, North",Asia
2065,22,2007,189,"Korea, North",Asia
2066,22,2008,189,"Korea, North",Asia
2067,22,2009,189,"Korea, North",Asia
2068,22,2010,189,"Korea, North",Asia
2069,46,2000,190,"Korea, South",Asia
2070,47,2001,190,"Korea, South",Asia
2071,47,2002,190,"Korea, South",Asia
2072,47,2003,190,"Korea, South",Asia
2073,47,2004,190,"Korea, South",Asia
2074,48,2005,190,"Korea, South",Asia
2075,48,2006,190,"Korea, South",Asia
2076,48,2007,190,"Korea, South",Asia
2077,48,2008,190,"Korea, South",Asia
2078,48,2009,190,"Korea, South",Asia
2079,48,2010,190,"Korea, South",Asia
2080,5,2000,191,Laos,Asia
2081,5,2001,191,Laos,Asia
2082,5,2002,191,Laos,Asia
2083,5,2003,191,Laos,Asia
2084,5,2004,191,Laos,Asia
2085,5,2005,191,Laos,Asia
2086,5,2006,191,Laos,Asia
2087,6,2007,191,Laos,Asia
2088,6,2008,191,Laos,Asia
2089,6,2009,191,Laos,Asia
2090,6,2010,191,Laos,Asia
2091,0,2000,192,Macau,Asia
2092,0,2001,192,Macau,Asia
2093,0,2002,192,Macau,Asia
2094,0,2003,192,Macau,Asia
2095,0,2004,192,Macau,Asia
2096,0,2005,192,Macau,Asia
2097,0,2006,192,Macau,Asia
2098,0,2007,192,Macau,Asia
2099,0,2008,192,Macau,Asia
2100,0,2009,192,Macau,Asia
2101,0,2010,192,Macau,Asia
2102,23,2000,193,Malaysia,Asia
2103,23,2001,193,Malaysia,Asia
2104,24,2002,193,Malaysia,Asia
2105,24,2003,193,Malaysia,Asia
2106,25,2004,193,Malaysia,Asia
2107,25,2005,193,Malaysia,Asia
2108,26,2006,193,Malaysia,Asia
2109,26,2007,193,Malaysia,Asia
2110,27,2008,193,Malaysia,Asia
2111,27,2009,193,Malaysia,Asia
2112,28,2010,193,Malaysia,Asia
2113,0,2000,194,Maldives,Asia
2114,0,2001,194,Maldives,Asia
2115,0,2002,194,Maldives,Asia
2116,0,2003,194,Maldives,Asia
2117,0,2004,194,Maldives,Asia
2118,0,2005,194,Maldives,Asia
2119,0,2006,194,Maldives,Asia
2120,0,2007,194,Maldives,Asia
2121,0,2008,194,Maldives,Asia
2122,0,2009,194,Maldives,Asia
2123,0,2010,194,Maldives,Asia
2124,2,2000,195,Mongolia,Asia
2125,2,2001,195,Mongolia,Asia
2126,2,2002,195,Mongolia,Asia
2127,2,2003,195,Mongolia,Asia
2128,2,2004,195,Mongolia,Asia
2129,2,2005,195,Mongolia,Asia
2130,2,2006,195,Mongolia,Asia
2131,2,2007,195,Mongolia,Asia
2132,2,2008,195,Mongolia,Asia
2133,3,2009,195,Mongolia,Asia
2134,3,2010,195,Mongolia,Asia
2135,0,2000,196,Nauru,Oceania
2136,0,2001,196,Nauru,Oceania
2137,0,2002,196,Nauru,Oceania
2138,0,2003,196,Nauru,Oceania
2139,0,2004,196,Nauru,Oceania
2140,0,2005,196,Nauru,Oceania
2141,0,2006,196,Nauru,Oceania
2142,0,2007,196,Nauru,Oceania
2143,0,2008,196,Nauru,Oceania
2144,0,2009,196,Nauru,Oceania
2145,0,2010,196,Nauru,Oceania
2146,24,2000,197,Nepal,Asia
2147,25,2001,197,Nepal,Asia
2148,25,2002,197,Nepal,Asia
2149,26,2003,197,Nepal,Asia
2150,26,2004,197,Nepal,Asia
2151,27,2005,197,Nepal,Asia
2152,27,2006,197,Nepal,Asia
2153,27,2007,197,Nepal,Asia
2154,28,2008,197,Nepal,Asia
2155,28,2009,197,Nepal,Asia
2156,28,2010,197,Nepal,Asia
2157,0,2000,198,New Caledonia,Oceania
2158,0,2001,198,New Caledonia,Oceania
2159,0,2002,198,New Caledonia,Oceania
2160,0,2003,198,New Caledonia,Oceania
2161,0,2004,198,New Caledonia,Oceania
2162,0,2005,198,New Caledonia,Oceania
2163,0,2006,198,New Caledonia,Oceania
2164,0,2007,198,New Caledonia,Oceania
2165,0,2008,198,New Caledonia,Oceania
2166,0,2009,198,New Caledonia,Oceania
2167,0,2010,198,New Caledonia,Oceania
2168,3,2000,199,New Zealand,Oceania
2169,3,2001,199,New Zealand,Oceania
2170,3,2002,199,New Zealand,Oceania
2171,3,2003,199,New Zealand,Oceania
2172,4,2004,199,New Zealand,Oceania
2173,4,2005,199,New Zealand,Oceania
2174,4,2006,199,New Zealand,Oceania
2175,4,2007,199,New Zealand,Oceania
2176,4,2008,199,New Zealand,Oceania
2177,4,2009,199,New Zealand,Oceania
2178,4,2010,199,New Zealand,Oceania
2179,0,2000,200,Niue,Oceania
2180,0,2001,200,Niue,Oceania
2181,0,2002,200,Niue,Oceania
2182,0,2003,200,Niue,Oceania
2183,0,2004,200,Niue,Oceania
2184,0,2005,200,Niue,Oceania
2185,0,2006,200,Niue,Oceania
2186,0,2007,200,Niue,Oceania
2187,0,2008,200,Niue,Oceania
2188,0,2009,200,Niue,Oceania
2189,0,2010,200,Niue,Oceania
2190,152,2000,201,Pakistan,Asia
2191,156,2001,201,Pakistan,Asia
2192,160,2002,201,Pakistan,Asia
2193,163,2003,201,Pakistan,Asia
2194,166,2004,201,Pakistan,Asia
2195,169,2005,201,Pakistan,Asia
2196,172,2006,201,Pakistan,Asia
2197,175,2007,201,Pakistan,Asia
2198,178,2008,201,Pakistan,Asia
2199,181,2009,201,Pakistan,Asia
2200,184,2010,201,Pakistan,Asia
2201,4,2000,202,Papua New Guinea,Oceania
2202,4,2001,202,Papua New Guinea,Oceania
2203,5,2002,202,Papua New Guinea,Oceania
2204,5,2003,202,Papua New Guinea,Oceania
2205,5,2004,202,Papua New Guinea,Oceania
2206,5,2005,202,Papua New Guinea,Oceania
2207,5,2006,202,Papua New Guinea,Oceania
2208,5,2007,202,Papua New Guinea,Oceania
2209,5,2008,202,Papua New Guinea,Oceania
2210,5,2009,202,Papua New Guinea,Oceania
2211,6,2010,202,Papua New Guinea,Oceania
2212,81,2000,203,Philippines,Asia
2213,83,2001,203,Philippines,Asia
2214,84,2002,203,Philippines,Asia
2215,86,2003,203,Philippines,Asia
2216,88,2004,203,Philippines,Asia
2217,90,2005,203,Philippines,Asia
2218,92,2006,203,Philippines,Asia
2219,94,2007,203,Philippines,Asia
2220,96,2008,203,Philippines,Asia
2221,97,2009,203,Philippines,Asia
2222,99,2010,203,Philippines,Asia
2223,0,2000,204,Samoa,Oceania
2224,0,2001,204,Samoa,Oceania
2225,0,2002,204,Samoa,Oceania
2226,0,2003,204,Samoa,Oceania
2227,0,2004,204,Samoa,Oceania
2228,0,2005,204,Samoa,Oceania
2229,0,2006,204,Samoa,Oceania
2230,0,2007,204,Samoa,Oceania
2231,0,2008,204,Samoa,Oceania
2232,0,2009,204,Samoa,Oceania
2233,0,2010,204,Samoa,Oceania
2234,4,2000,205,Singapore,Asia
2235,4,2001,205,Singapore,Asia
2236,4,2002,205,Singapore,Asia
2237,4,2003,205,Singapore,Asia
2238,4,2004,205,Singapore,Asia
2239,4,2005,205,Singapore,Asia
2240,4,2006,205,Singapore,Asia
2241,4,2007,205,Singapore,Asia
2242,4,2008,205,Singapore,Asia
2243,4,2009,205,Singapore,Asia
2244,4,2010,205,Singapore,Asia
2245,0,2000,206,Solomon Islands,Oceania
2246,0,2001,206,Solomon Islands,Oceania
2247,0,2002,206,Solomon Islands,Oceania
2248,0,2003,206,Solomon Islands,Oceania
2249,0,2004,206,Solomon Islands,Oceania
2250,0,2005,206,Solomon Islands,Oceania
2251,0,2006,206,Solomon Islands,Oceania
2252,0,2007,206,Solomon Islands,Oceania
2253,0,2008,206,Solomon Islands,Oceania
2254,0,2009,206,Solomon Islands,Oceania
2255,0,2010,206,Solomon Islands,Oceania
2256,19,2000,207,Sri Lanka,Asia
2257,19,2001,207,Sri Lanka,Asia
2258,19,2002,207,Sri Lanka,Asia
2259,20,2003,207,Sri Lanka,Asia
2260,20,2004,207,Sri Lanka,Asia
2261,20,2005,207,Sri Lanka,Asia
2262,20,2006,207,Sri Lanka,Asia
2263,20,2007,207,Sri Lanka,Asia
2264,21,2008,207,Sri Lanka,Asia
2265,21,2009,207,Sri Lanka,Asia
2266,21,2010,207,Sri Lanka,Asia
2267,22,2000,208,Taiwan,Asia
2268,22,2001,208,Taiwan,Asia
2269,22,2002,208,Taiwan,Asia
2270,22,2003,208,Taiwan,Asia
2271,22,2004,208,Taiwan,Asia
2272,22,2005,208,Taiwan,Asia
2273,22,2006,208,Taiwan,Asia
2274,22,2007,208,Taiwan,Asia
2275,22,2008,208,Taiwan,Asia
2276,22,2009,208,Taiwan,Asia
2277,23,2010,208,Taiwan,Asia
2278,62,2000,209,Thailand,Asia
2279,62,2001,209,Thailand,Asia
2280,63,2002,209,Thailand,Asia
2281,63,2003,209,Thailand,Asia
2282,64,2004,209,Thailand,Asia
2283,64,2005,209,Thailand,Asia
2284,65,2006,209,Thailand,Asia
2285,65,2007,209,Thailand,Asia
2286,66,2008,209,Thailand,Asia
2287,66,2009,209,Thailand,Asia
2288,67,2010,209,Thailand,Asia
2289,,2000,210,Timor-Leste (East Timor),Asia
2290,,2001,210,Timor-Leste (East Timor),Asia
2291,,2002,210,Timor-Leste (East Timor),Asia
2292,0,2003,210,Timor-Leste (East Timor),Asia
2293,1,2004,210,Timor-Leste (East Timor),Asia
2294,1,2005,210,Timor-Leste (East Timor),Asia
2295,1,2006,210,Timor-Leste (East Timor),Asia
2296,1,2007,210,Timor-Leste (East Timor),Asia
2297,1,2008,210,Timor-Leste (East Timor),Asia
2298,1,2009,210,Timor-Leste (East Timor),Asia
2299,1,2010,210,Timor-Leste (East Timor),Asia
2300,0,2000,211,Tonga,Oceania
2301,0,2001,211,Tonga,Oceania
2302,0,2002,211,Tonga,Oceania
2303,0,2003,211,Tonga,Oceania
2304,0,2004,211,Tonga,Oceania
2305,0,2005,211,Tonga,Oceania
2306,0,2006,211,Tonga,Oceania
2307,0,2007,211,Tonga,Oceania
2308,0,2008,211,Tonga,Oceania
2309,0,2009,211,Tonga,Oceania
2310,0,2010,211,Tonga,Oceania
2311,0,2000,212,U.S. Pacific Islands,Oceania
2312,0,2001,212,U.S. Pacific Islands,Oceania
2313,0,2002,212,U.S. Pacific Islands,Oceania
2314,0,2003,212,U.S. Pacific Islands,Oceania
2315,0,2004,212,U.S. Pacific Islands,Oceania
2316,0,2005,212,U.S. Pacific Islands,Oceania
2317,0,2006,212,U.S. Pacific Islands,Oceania
2318,0,2007,212,U.S. Pacific Islands,Oceania
2319,0,2008,212,U.S. Pacific Islands,Oceania
2320,0,2009,212,U.S. Pacific Islands,Oceania
2321,0,2010,212,U.S. Pacific Islands,Oceania
2322,0,2000,213,Vanuatu,Oceania
2323,0,2001,213,Vanuatu,Oceania
2324,0,2002,213,Vanuatu,Oceania
2325,0,2003,213,Vanuatu,Oceania
2326,0,2004,213,Vanuatu,Oceania
2327,0,2005,213,Vanuatu,Oceania
2328,0,2006,213,Vanuatu,Oceania
2329,0,2007,213,Vanuatu,Oceania
2330,0,2008,213,Vanuatu,Oceania
2331,0,2009,213,Vanuatu,Oceania
2332,0,2010,213,Vanuatu,Oceania
2333,79,2000,214,Vietnam,Asia
2334,80,2001,214,Vietnam,Asia
2335,81,2002,214,Vietnam,Asia
2336,82,2003,214,Vietnam,Asia
2337,83,2004,214,Vietnam,Asia
2338,84,2005,214,Vietnam,Asia
2339,85,2006,214,Vietnam,Asia
2340,86,2007,214,Vietnam,Asia
2341,87,2008,214,Vietnam,Asia
2342,88,2009,214,Vietnam,Asia
2343,89,2010,214,Vietnam,Asia
